TSP,TSP Name,Eff Gas Day/Time,Avail Cap End Date/Time,Posting Date/Time,LOC,LOC Name,LOC Purp,LOC/QTI,Loc Zn,Total Scheduled Quantity (TSQ),Operationally Available Capacity (OAC),Operating Capacity (Current Capacity),Design Capacity,Contracted Firm Capacity,All Qty Avail,Qty Reason,IT,Meas Basis,Press Base,Press Base Desc,Flow Ind,Cycle
60-916-6673,Viking Gas Transmission Company,08/11/22 22:00:00,08/12/22 09:00:00,08/11/22 21:14:24,5,Flow past St. Vincent,7S,SGQ,1.0,366285,179715,546000,502208.0,514787,Y,,,BZ,14.73,PSIA,TD2,ID3
60-916-6673,Viking Gas Transmission Company,08/11/22 09:00:00,08/12/22 09:00:00,08/10/22 20:15:49,367,Frazee horsepower constraint,7S,SGQ,1.0,352825,0,347000,365000.0,426899,Y,,N,BZ,14.73,PSIA,TD2,EVE
60-916-6673,Viking Gas Transmission Company,08/11/22 22:00:00,08/12/22 09:00:00,08/11/22 21:14:24,68,Flow past Compressor Station 2217,7S,SGQ,1.0,0,231000,231000,269850.0,97457,Y,,,BZ,14.73,PSIA,TD1,ID3
60-916-6673,Viking Gas Transmission Company,08/11/22 22:00:00,08/12/22 09:00:00,08/11/22 21:14:24,0,Flow past Compressor Station 2217,7S,SGQ,1.0,320112,94161,414273,421818.0,384546,Y,,,BZ,14.73,PSIA,TD2,ID3
60-916-6673,Viking Gas Transmission Company,08/11/22 22:00:00,08/12/22 09:00:00,08/11/22 21:14:24,69,Flow past Chisago,7S,SGQ,1.0,0,231000,231000,269850.0,99507,Y,,,BZ,14.73,PSIA,TD1,ID3
60-916-6673,Viking Gas Transmission Company,08/11/22 22:00:00,08/12/22 09:00:00,08/11/22 21:14:24,2,Flow Past Chisago,7S,SGQ,2.0,245052,91635,336687,346500.0,252937,Y,,,BZ,14.73,PSIA,TD2,ID3
60-916-6673,Viking Gas Transmission Company,08/11/22 22:00:00,08/12/22 09:00:00,08/11/22 21:14:24,70,Flow past Eau Claire,7S,SGQ,2.0,0,231000,231000,271664.0,92199,Y,,,BZ,14.73,PSIA,TD1,ID3
60-916-6673,Viking Gas Transmission Company,08/11/22 22:00:00,08/12/22 09:00:00,08/11/22 21:14:24,3,Flow Past Eau Claire,7S,SGQ,2.0,213025,76775,289800,327600.0,209032,Y,,,BZ,14.73,PSIA,TD2,ID3
60-916-6673,Viking Gas Transmission Company,08/11/22 22:00:00,08/12/22 22:00:00,08/11/22 21:14:23,11815,Lake Park,MQ,DPQ,1.0,8,1888,1896,1870.0,357,Y,,,BZ,14.73,PSIA,D,ID3
60-916-6673,Viking Gas Transmission Company,08/11/22 22:00:00,08/12/22 22:00:00,08/11/22 21:14:23,11816,Audubon,MQ,DPQ,1.0,0,1896,1896,1870.0,332,Y,,,BZ,14.73,PSIA,D,ID3
60-916-6673,Viking Gas Transmission Company,08/11/22 22:00:00,08/12/22 22:00:00,08/11/22 21:14:23,11818,Detroit Lakes,MQ,DPQ,1.0,1,7328,7329,7229.0,4008,Y,,,BZ,14.73,PSIA,D,ID3
60-916-6673,Viking Gas Transmission Company,08/11/22 22:00:00,08/12/22 22:00:00,08/11/22 21:14:23,11856,Chisago Zn1,MQ,DPQ,1.0,73939,99799,173738,171704.0,87156,Y,,,BZ,14.73,PSIA,BD,ID3
60-916-6673,Viking Gas Transmission Company,08/11/22 22:00:00,08/12/22 22:00:00,08/11/22 21:14:23,11859,Hawley,MQ,DPQ,1.0,53,7276,7329,7229.0,604,Y,,,BZ,14.73,PSIA,D,ID3
60-916-6673,Viking Gas Transmission Company,08/11/22 22:00:00,08/12/22 22:00:00,08/11/22 21:14:23,11861,Dilworth,MQ,DPQ,1.0,0,22140,22140,21838.0,3405,Y,,,BZ,14.73,PSIA,D,ID3
60-916-6673,Viking Gas Transmission Company,08/11/22 22:00:00,08/12/22 22:00:00,08/11/22 21:14:23,11896,Dalbo,MQ,DPQ,1.0,0,871,871,806.0,67,Y,,,BZ,14.73,PSIA,D,ID3
60-916-6673,Viking Gas Transmission Company,08/11/22 22:00:00,08/12/22 22:00:00,08/11/22 21:14:23,11910,Hallock,MQ,DPQ,1.0,39,1857,1896,1870.0,774,Y,,,BZ,14.73,PSIA,D,ID3
60-916-6673,Viking Gas Transmission Company,08/11/22 22:00:00,08/12/22 22:00:00,08/11/22 21:14:23,11938,Stephen,MQ,DPQ,1.0,14,1882,1896,1870.0,408,Y,,,BZ,14.73,PSIA,D,ID3
60-916-6673,Viking Gas Transmission Company,08/11/22 22:00:00,08/12/22 22:00:00,08/11/22 21:14:23,11939,Argyle,MQ,DPQ,1.0,16,1880,1896,1870.0,369,Y,,,BZ,14.73,PSIA,D,ID3
60-916-6673,Viking Gas Transmission Company,08/11/22 22:00:00,08/12/22 22:00:00,08/11/22 21:14:23,11940,Warren,MQ,DPQ,1.0,55,1841,1896,1870.0,924,Y,,,BZ,14.73,PSIA,D,ID3
60-916-6673,Viking Gas Transmission Company,08/11/22 22:00:00,08/12/22 22:00:00,08/11/22 21:14:23,11967,Milaca,MQ,DPQ,1.0,99,7230,7329,7229.0,1031,Y,,,BZ,14.73,PSIA,D,ID3
60-916-6673,Viking Gas Transmission Company,08/11/22 22:00:00,08/12/22 22:00:00,08/11/22 21:14:23,11971,Genola,MQ,DPQ,1.0,24011,21189,45200,,32779,N,Capacity N/A for this element,,BZ,14.73,PSIA,BD,ID3
60-916-6673,Viking Gas Transmission Company,08/11/22 22:00:00,08/12/22 22:00:00,08/11/22 21:14:23,11975,Ada,MQ,DPQ,1.0,0,1896,1896,1870.0,1161,Y,,,BZ,14.73,PSIA,D,ID3
60-916-6673,Viking Gas Transmission Company,08/11/22 22:00:00,08/12/22 22:00:00,08/11/22 21:14:23,11977,Frazee,MQ,DPQ,1.0,0,1896,1896,1870.0,416,Y,,,BZ,14.73,PSIA,D,ID3
60-916-6673,Viking Gas Transmission Company,08/11/22 22:00:00,08/12/22 22:00:00,08/11/22 21:14:23,11979,Fergus Falls,MQ,DPQ,1.0,11643,24814,36457,35959.0,10800,Y,,,BZ,14.73,PSIA,D,ID3
60-916-6673,Viking Gas Transmission Company,08/11/22 22:00:00,08/12/22 22:00:00,08/11/22 21:14:23,11980,Perham,MQ,DPQ,1.0,2688,19452,22140,21838.0,4476,Y,,,BZ,14.73,PSIA,D,ID3
60-916-6673,Viking Gas Transmission Company,08/11/22 22:00:00,08/12/22 22:00:00,08/11/22 21:14:23,11981,New York Mills,MQ,DPQ,1.0,75,1821,1896,1870.0,744,Y,,,BZ,14.73,PSIA,D,ID3
60-916-6673,Viking Gas Transmission Company,08/11/22 22:00:00,08/12/22 22:00:00,08/11/22 21:14:23,11982,Wadena,MQ,DPQ,1.0,3294,18846,22140,21838.0,6038,Y,,,BZ,14.73,PSIA,D,ID3
60-916-6673,Viking Gas Transmission Company,08/11/22 22:00:00,08/12/22 22:00:00,08/11/22 21:14:23,12001,East Grand Forks,MQ,DPQ,1.0,0,21084,21084,20796.0,10350,Y,,,BZ,14.73,PSIA,D,ID3
60-916-6673,Viking Gas Transmission Company,08/11/22 22:00:00,08/12/22 22:00:00,08/11/22 21:14:23,12002,Crookston,MQ,DPQ,1.0,719,8652,9371,9243.0,5620,Y,,,BZ,14.73,PSIA,D,ID3
60-916-6673,Viking Gas Transmission Company,08/11/22 22:00:00,08/12/22 22:00:00,08/11/22 21:14:23,12027,Bertha,MQ,DPQ,1.0,0,1896,1896,1872.0,643,Y,,,BZ,14.73,PSIA,D,ID3
60-916-6673,Viking Gas Transmission Company,08/11/22 22:00:00,08/12/22 22:00:00,08/11/22 21:14:23,12028,Staples,MQ,DPQ,1.0,0,7329,7329,7229.0,1756,Y,,,BZ,14.73,PSIA,D,ID3
60-916-6673,Viking Gas Transmission Company,08/11/22 22:00:00,08/12/22 22:00:00,08/11/22 21:14:23,15224,Moorhead,MQ,DPQ,1.0,1050,35407,36457,35959.0,15454,Y,,,BZ,14.73,PSIA,D,ID3
60-916-6673,Viking Gas Transmission Company,08/11/22 22:00:00,08/12/22 22:00:00,08/11/22 21:14:23,15225,Fargo,MQ,DPQ,1.0,9728,158415,168143,165846.0,64686,Y,,,BZ,14.73,PSIA,D,ID3
60-916-6673,Viking Gas Transmission Company,08/11/22 22:00:00,08/12/22 22:00:00,08/11/22 21:14:23,15274,Grand Forks,MQ,DPQ,1.0,1017,35440,36457,35959.0,17488,Y,,,BZ,14.73,PSIA,D,ID3
60-916-6673,Viking Gas Transmission Company,08/11/22 22:00:00,08/12/22 22:00:00,08/11/22 21:14:23,27867,South Cambridge,MQ,DPQ,1.0,0,189625,189625,187035.0,55711,Y,,,BZ,14.73,PSIA,D,ID3
60-916-6673,Viking Gas Transmission Company,08/11/22 22:00:00,08/12/22 22:00:00,08/11/22 21:14:23,28664,Chippewa Falls,MQ,DPQ,2.0,474,20610,21084,20817.0,2000,Y,,,BZ,14.73,PSIA,D,ID3
60-916-6673,Viking Gas Transmission Company,08/11/22 22:00:00,08/12/22 22:00:00,08/11/22 21:14:23,28667,Greenwood,MQ,DPQ,2.0,1518,5811,7329,7236.0,5095,Y,,,BZ,14.73,PSIA,D,ID3
60-916-6673,Viking Gas Transmission Company,08/11/22 22:00:00,08/12/22 22:00:00,08/11/22 21:14:23,28689,Boyceville,MQ,DPQ,2.0,378,21762,22140,21859.0,12585,Y,,,BZ,14.73,PSIA,D,ID3
60-916-6673,Viking Gas Transmission Company,08/11/22 22:00:00,08/12/22 22:00:00,08/11/22 21:14:23,28691,Menomonie,MQ,DPQ,2.0,1203,8168,9371,9252.0,2100,Y,,,BZ,14.73,PSIA,D,ID3
60-916-6673,Viking Gas Transmission Company,08/11/22 22:00:00,08/12/22 22:00:00,08/11/22 21:14:23,28692,South Colfax,MQ,DPQ,2.0,0,1896,1896,1872.0,622,Y,,,BZ,14.73,PSIA,D,ID3
60-916-6673,Viking Gas Transmission Company,08/11/22 22:00:00,08/12/22 22:00:00,08/11/22 21:14:23,28693,Eau Claire,MQ,DPQ,2.0,8578,27879,36457,35995.0,4694,Y,,,BZ,14.73,PSIA,D,ID3
60-916-6673,Viking Gas Transmission Company,08/11/22 22:00:00,08/12/22 22:00:00,08/11/22 21:14:23,28694,Cadott,MQ,DPQ,2.0,6001,16139,22140,21859.0,5363,Y,,,BZ,14.73,PSIA,D,ID3
60-916-6673,Viking Gas Transmission Company,08/11/22 22:00:00,08/12/22 22:00:00,08/11/22 21:14:23,28789,Dresser,MQ,DPQ,2.0,58,7271,7329,7236.0,4918,Y,,,BZ,14.73,PSIA,D,ID3
60-916-6673,Viking Gas Transmission Company,08/11/22 22:00:00,08/12/22 22:00:00,08/11/22 21:14:23,28872,ANR Marshfield,MQ,DPQ,2.0,204597,350086,554683,547648.0,166794,Y,,,BZ,14.73,PSIA,BD,ID3
60-916-6673,Viking Gas Transmission Company,08/11/22 22:00:00,08/12/22 22:00:00,08/11/22 21:14:23,33973,Emerson,MQ,DPQ,1.0,0,0,0,0.0,0,Y,,N,BZ,14.73,PSIA,R,ID3
60-916-6673,Viking Gas Transmission Company,08/11/22 22:00:00,08/12/22 22:00:00,08/11/22 21:14:23,174672,St. Vincent,MQ,DPQ,1.0,0,0,0,257805.0,0,Y,,N,BZ,14.73,PSIA,BD,ID3
60-916-6673,Viking Gas Transmission Company,08/11/22 22:00:00,08/12/22 22:00:00,08/11/22 21:14:23,179031,Chisago Zn2,MQ,DPQ,2.0,0,173738,173738,171704.0,0,Y,,,BZ,14.73,PSIA,BD,ID3
60-916-6673,Viking Gas Transmission Company,08/11/22 22:00:00,08/12/22 22:00:00,08/11/22 21:14:23,218305,Polk,MQ,DPQ,2.0,3554,50259,53813,53130.0,0,Y,,,BZ,14.73,PSIA,D,ID3
60-916-6673,Viking Gas Transmission Company,08/11/22 22:00:00,08/12/22 22:00:00,08/11/22 21:14:23,288035,Taylors Falls,MQ,DPQ,2.0,25,7304,7329,7229.0,2500,Y,,,BZ,14.73,PSIA,D,ID3
60-916-6673,Viking Gas Transmission Company,08/11/22 22:00:00,08/12/22 22:00:00,08/11/22 21:14:23,288036,North Branch,MQ,DPQ,2.0,25,7304,7329,7236.0,2150,Y,,,BZ,14.73,PSIA,D,ID3
60-916-6673,Viking Gas Transmission Company,08/11/22 22:00:00,08/12/22 22:00:00,08/11/22 21:14:23,288037,Green Lake,MQ,DPQ,1.0,0,7329,7329,7229.0,3250,Y,,,BZ,14.73,PSIA,D,ID3
60-916-6673,Viking Gas Transmission Company,08/11/22 22:00:00,08/12/22 22:00:00,08/11/22 21:14:23,288038,Camp Ripley,MQ,DPQ,1.0,0,1896,1896,1870.0,739,Y,,,BZ,14.73,PSIA,D,ID3
60-916-6673,Viking Gas Transmission Company,08/11/22 22:00:00,08/12/22 22:00:00,08/11/22 21:14:23,288039,Randall,MQ,DPQ,1.0,8,1888,1896,1870.0,207,Y,,,BZ,14.73,PSIA,D,ID3
60-916-6673,Viking Gas Transmission Company,08/11/22 22:00:00,08/12/22 22:00:00,08/11/22 21:14:23,288040,Little Falls,MQ,DPQ,1.0,0,22140,22140,21838.0,0,Y,,,BZ,14.73,PSIA,D,ID3
60-916-6673,Viking Gas Transmission Company,08/11/22 22:00:00,08/12/22 22:00:00,08/11/22 21:14:23,288041,Pine Lake,MQ,DPQ,1.0,5,1891,1896,1870.0,750,Y,,,BZ,14.73,PSIA,D,ID3
60-916-6673,Viking Gas Transmission Company,08/11/22 22:00:00,08/12/22 22:00:00,08/11/22 21:14:23,288042,Clarissa,MQ,DPQ,1.0,125,1771,1896,1870.0,0,Y,,,BZ,14.73,PSIA,D,ID3
60-916-6673,Viking Gas Transmission Company,08/11/22 22:00:00,08/12/22 22:00:00,08/11/22 21:14:23,288044,Wheaton Generation,MQ,DPQ,2.0,0,160411,160411,158377.0,0,Y,,,BZ,14.73,PSIA,D,ID3
60-916-6673,Viking Gas Transmission Company,08/11/22 22:00:00,08/12/22 22:00:00,08/11/22 21:14:23,288045,Wheaton,MQ,DPQ,2.0,0,22140,22140,21859.0,15,Y,,,BZ,14.73,PSIA,D,ID3
60-916-6673,Viking Gas Transmission Company,08/11/22 22:00:00,08/12/22 22:00:00,08/11/22 21:14:23,288046,Dairyland,MQ,DPQ,2.0,0,53813,53813,53130.0,0,Y,,,BZ,14.73,PSIA,D,ID3
60-916-6673,Viking Gas Transmission Company,08/11/22 22:00:00,08/12/22 22:00:00,08/11/22 21:14:23,288047,Chili,MQ,DPQ,2.0,722,6607,7329,7236.0,623,Y,,,BZ,14.73,PSIA,D,ID3
60-916-6673,Viking Gas Transmission Company,08/11/22 22:00:00,08/12/22 22:00:00,08/11/22 21:14:23,288048,North Colfax,MQ,DPQ,2.0,4434,17706,22140,21859.0,5532,Y,,,BZ,14.73,PSIA,D,ID3
60-916-6673,Viking Gas Transmission Company,08/11/22 22:00:00,08/12/22 22:00:00,08/11/22 21:14:23,288049,Fall Creek,MQ,DPQ,2.0,0,1896,1896,1872.0,20,Y,,,BZ,14.73,PSIA,D,ID3
60-916-6673,Viking Gas Transmission Company,08/11/22 22:00:00,08/12/22 22:00:00,08/11/22 21:14:23,288050,Blackbrook,MQ,DPQ,2.0,0,22140,22140,21859.0,4319,Y,,,BZ,14.73,PSIA,D,ID3
60-916-6673,Viking Gas Transmission Company,08/11/22 22:00:00,08/12/22 22:00:00,08/11/22 21:14:23,288051,Wisc Gas Marshfield,MQ,DPQ,2.0,540,53273,53813,53130.0,10437,Y,,,BZ,14.73,PSIA,D,ID3
60-916-6673,Viking Gas Transmission Company,08/11/22 22:00:00,08/12/22 22:00:00,08/11/22 21:14:23,362785,Midwest Kinnickinnic,MQ,DPQ,2.0,190,2918,3108,,0,N,Capacity N/A for this element,,BZ,14.73,PSIA,D,ID3
60-916-6673,Viking Gas Transmission Company,08/11/22 22:00:00,08/12/22 22:00:00,08/11/22 21:14:23,362788,NSPWI Kinnickinnic,MQ,DPQ,2.0,40,1088,1128,,0,N,Capacity N/A for this element,,BZ,14.73,PSIA,D,ID3
60-916-6673,Viking Gas Transmission Company,08/11/22 22:00:00,08/12/22 22:00:00,08/11/22 21:14:23,362793,Wheeler,MQ,DPQ,2.0,7253,14887,22140,21859.0,12800,Y,,,BZ,14.73,PSIA,D,ID3
60-916-6673,Viking Gas Transmission Company,08/11/22 22:00:00,08/12/22 22:00:00,08/11/22 21:14:23,362796,St. Croix Kinnickinnic,MQ,DPQ,2.0,400,3950,4350,,0,N,Capacity N/A for this element,,BZ,14.73,PSIA,D,ID3
60-916-6673,Viking Gas Transmission Company,08/11/22 22:00:00,08/12/22 22:00:00,08/11/22 21:14:23,362799,New Richmond,MQ,DPQ,2.0,460,6869,7329,7236.0,0,Y,,,BZ,14.73,PSIA,D,ID3
60-916-6673,Viking Gas Transmission Company,08/11/22 22:00:00,08/12/22 22:00:00,08/11/22 21:14:23,474554,Hay Creek,MQ,DPQ,2.0,4422,17718,22140,21859.0,300,Y,,,BZ,14.73,PSIA,D,ID3
60-916-6673,Viking Gas Transmission Company,08/11/22 22:00:00,08/12/22 22:00:00,08/11/22 21:14:23,880005,Beltrami,MQ,DPQ,1.0,171,7158,7329,7150.0,6960,Y,,,BZ,14.73,PSIA,D,ID3
60-916-6673,Viking Gas Transmission Company,08/11/22 22:00:00,08/12/22 22:00:00,08/11/22 21:14:23,880008,Red Lake Falls,MQ,DPQ,1.0,19,1903,1922,1896.0,0,Y,,,BZ,14.73,PSIA,D,ID3
60-916-6673,Viking Gas Transmission Company,08/11/22 22:00:00,08/12/22 22:00:00,08/11/22 21:14:23,880016,Wadena GMT,MQ,DPQ,1.0,33,7296,7329,7150.0,0,Y,,,BZ,14.73,PSIA,BD,ID3
60-916-6673,Viking Gas Transmission Company,08/11/22 22:00:00,08/12/22 22:00:00,08/11/22 21:14:23,880019,Felton,MQ,DPQ,1.0,1737,80058,81795,81795.0,30000,Y,,,BZ,14.73,PSIA,BD,ID3
60-916-6673,Viking Gas Transmission Company,08/11/22 22:00:00,08/12/22 22:00:00,08/11/22 21:14:23,880025,Hammond,MQ,DPQ,2.0,0,1000,1000,1500.0,0,Y,,,BZ,14.73,PSIA,D,ID3
60-916-6673,Viking Gas Transmission Company,08/11/22 22:00:00,08/12/22 22:00:00,08/11/22 21:14:23,880030,Donaldson,MQ,DPQ,1.0,5,4795,4800,4800.0,960,Y,,,BZ,14.73,PSIA,D,ID3
60-916-6673,Viking Gas Transmission Company,08/11/22 22:00:00,08/12/22 22:00:00,08/11/22 21:14:23,1250238,Northstar,MQ,DPQ,1.0,1184,6145,7329,7229.0,1500,Y,,,BZ,14.73,PSIA,BD,ID3
60-916-6673,Viking Gas Transmission Company,08/11/22 22:00:00,08/12/22 22:00:00,08/11/22 21:14:23,1387607,Randall GMG,MQ,DPQ,1.0,299,7030,7329,7343.0,1200,Y,,,BZ,14.73,PSIA,D,ID3
60-916-6673,Viking Gas Transmission Company,08/11/22 22:00:00,08/12/22 22:00:00,08/11/22 21:14:23,1395011,Hawley 2,MQ,DPQ,1.0,75,22065,22140,21600.0,0,Y,,,BZ,14.73,PSIA,D,ID3
60-916-6673,Viking Gas Transmission Company,08/11/22 22:00:00,08/12/22 22:00:00,08/11/22 21:14:23,1400745,Ada GMT,MQ,DPQ,1.0,186,7143,7329,7407.0,790,Y,,,BZ,14.73,PSIA,D,ID3
60-916-6673,Viking Gas Transmission Company,08/11/22 22:00:00,08/12/22 22:00:00,08/11/22 21:14:23,1400748,Fergus Falls GMG,MQ,DPQ,1.0,102,7227,7329,7393.0,0,Y,,,BZ,14.73,PSIA,D,ID3
60-916-6673,Viking Gas Transmission Company,08/11/22 22:00:00,08/12/22 22:00:00,08/11/22 21:14:23,1400751,Saint Clair,MQ,DPQ,1.0,123,7206,7329,7407.0,1000,Y,,,BZ,14.73,PSIA,D,ID3
60-916-6673,Viking Gas Transmission Company,08/11/22 22:00:00,08/12/22 22:00:00,08/11/22 21:14:23,1400841,Wilson,MQ,DPQ,2.0,767,188858,189625,189625.0,20720,Y,,,BZ,14.73,PSIA,D,ID3
60-916-6673,Viking Gas Transmission Company,08/11/22 22:00:00,08/12/22 22:00:00,08/11/22 21:14:23,11815,Lake Park,M2,RPQ,1.0,0,0,0,0.0,0,Y,,N,BZ,14.73,PSIA,D,ID3
60-916-6673,Viking Gas Transmission Company,08/11/22 22:00:00,08/12/22 22:00:00,08/11/22 21:14:23,11816,Audubon,M2,RPQ,1.0,0,0,0,0.0,0,Y,,N,BZ,14.73,PSIA,D,ID3
60-916-6673,Viking Gas Transmission Company,08/11/22 22:00:00,08/12/22 22:00:00,08/11/22 21:14:23,11818,Detroit Lakes,M2,RPQ,1.0,0,0,0,0.0,0,Y,,N,BZ,14.73,PSIA,D,ID3
60-916-6673,Viking Gas Transmission Company,08/11/22 22:00:00,08/12/22 22:00:00,08/11/22 21:14:23,11856,Chisago Zn1,M2,RPQ,1.0,0,177975,177975,171704.0,28000,Y,,,BZ,14.73,PSIA,BD,ID3
60-916-6673,Viking Gas Transmission Company,08/11/22 22:00:00,08/12/22 22:00:00,08/11/22 21:14:23,11859,Hawley,M2,RPQ,1.0,0,0,0,0.0,0,Y,,N,BZ,14.73,PSIA,D,ID3
60-916-6673,Viking Gas Transmission Company,08/11/22 22:00:00,08/12/22 22:00:00,08/11/22 21:14:23,11861,Dilworth,M2,RPQ,1.0,0,0,0,0.0,0,Y,,N,BZ,14.73,PSIA,D,ID3
60-916-6673,Viking Gas Transmission Company,08/11/22 22:00:00,08/12/22 22:00:00,08/11/22 21:14:23,11896,Dalbo,M2,RPQ,1.0,0,0,0,0.0,0,Y,,N,BZ,14.73,PSIA,D,ID3
60-916-6673,Viking Gas Transmission Company,08/11/22 22:00:00,08/12/22 22:00:00,08/11/22 21:14:23,11910,Hallock,M2,RPQ,1.0,0,0,0,0.0,0,Y,,N,BZ,14.73,PSIA,D,ID3
60-916-6673,Viking Gas Transmission Company,08/11/22 22:00:00,08/12/22 22:00:00,08/11/22 21:14:23,11938,Stephen,M2,RPQ,1.0,0,0,0,0.0,0,Y,,N,BZ,14.73,PSIA,D,ID3
60-916-6673,Viking Gas Transmission Company,08/11/22 22:00:00,08/12/22 22:00:00,08/11/22 21:14:23,11939,Argyle,M2,RPQ,1.0,0,0,0,0.0,0,Y,,N,BZ,14.73,PSIA,D,ID3
60-916-6673,Viking Gas Transmission Company,08/11/22 22:00:00,08/12/22 22:00:00,08/11/22 21:14:23,11940,Warren,M2,RPQ,1.0,0,0,0,0.0,0,Y,,N,BZ,14.73,PSIA,D,ID3
60-916-6673,Viking Gas Transmission Company,08/11/22 22:00:00,08/12/22 22:00:00,08/11/22 21:14:23,11967,Milaca,M2,RPQ,1.0,0,0,0,0.0,0,Y,,N,BZ,14.73,PSIA,D,ID3
60-916-6673,Viking Gas Transmission Company,08/11/22 22:00:00,08/12/22 22:00:00,08/11/22 21:14:23,11971,Genola,M2,RPQ,1.0,0,45200,45200,,0,N,Capacity N/A for this element,,BZ,14.73,PSIA,BD,ID3
60-916-6673,Viking Gas Transmission Company,08/11/22 22:00:00,08/12/22 22:00:00,08/11/22 21:14:23,11975,Ada,M2,RPQ,1.0,0,0,0,0.0,0,Y,,N,BZ,14.73,PSIA,D,ID3
60-916-6673,Viking Gas Transmission Company,08/11/22 22:00:00,08/12/22 22:00:00,08/11/22 21:14:23,11977,Frazee,M2,RPQ,1.0,0,0,0,0.0,0,Y,,N,BZ,14.73,PSIA,D,ID3
60-916-6673,Viking Gas Transmission Company,08/11/22 22:00:00,08/12/22 22:00:00,08/11/22 21:14:23,11979,Fergus Falls,M2,RPQ,1.0,0,0,0,0.0,0,Y,,N,BZ,14.73,PSIA,D,ID3
60-916-6673,Viking Gas Transmission Company,08/11/22 22:00:00,08/12/22 22:00:00,08/11/22 21:14:23,11980,Perham,M2,RPQ,1.0,0,0,0,0.0,0,Y,,N,BZ,14.73,PSIA,D,ID3
60-916-6673,Viking Gas Transmission Company,08/11/22 22:00:00,08/12/22 22:00:00,08/11/22 21:14:23,11981,New York Mills,M2,RPQ,1.0,0,0,0,0.0,0,Y,,N,BZ,14.73,PSIA,D,ID3
60-916-6673,Viking Gas Transmission Company,08/11/22 22:00:00,08/12/22 22:00:00,08/11/22 21:14:23,11982,Wadena,M2,RPQ,1.0,0,0,0,0.0,0,Y,,N,BZ,14.73,PSIA,D,ID3
60-916-6673,Viking Gas Transmission Company,08/11/22 22:00:00,08/12/22 22:00:00,08/11/22 21:14:23,12001,East Grand Forks,M2,RPQ,1.0,0,0,0,0.0,0,Y,,N,BZ,14.73,PSIA,D,ID3
60-916-6673,Viking Gas Transmission Company,08/11/22 22:00:00,08/12/22 22:00:00,08/11/22 21:14:23,12002,Crookston,M2,RPQ,1.0,0,0,0,0.0,0,Y,,N,BZ,14.73,PSIA,D,ID3
60-916-6673,Viking Gas Transmission Company,08/11/22 22:00:00,08/12/22 22:00:00,08/11/22 21:14:23,12027,Bertha,M2,RPQ,1.0,0,0,0,0.0,0,Y,,N,BZ,14.73,PSIA,D,ID3
60-916-6673,Viking Gas Transmission Company,08/11/22 22:00:00,08/12/22 22:00:00,08/11/22 21:14:23,12028,Staples,M2,RPQ,1.0,0,0,0,0.0,0,Y,,N,BZ,14.73,PSIA,D,ID3
60-916-6673,Viking Gas Transmission Company,08/11/22 22:00:00,08/12/22 22:00:00,08/11/22 21:14:23,15224,Moorhead,M2,RPQ,1.0,0,0,0,0.0,0,Y,,N,BZ,14.73,PSIA,D,ID3
60-916-6673,Viking Gas Transmission Company,08/11/22 22:00:00,08/12/22 22:00:00,08/11/22 21:14:23,15225,Fargo,M2,RPQ,1.0,0,0,0,0.0,0,Y,,N,BZ,14.73,PSIA,D,ID3
60-916-6673,Viking Gas Transmission Company,08/11/22 22:00:00,08/12/22 22:00:00,08/11/22 21:14:23,15274,Grand Forks,M2,RPQ,1.0,0,0,0,0.0,0,Y,,N,BZ,14.73,PSIA,D,ID3
60-916-6673,Viking Gas Transmission Company,08/11/22 22:00:00,08/12/22 22:00:00,08/11/22 21:14:23,27867,South Cambridge,M2,RPQ,1.0,0,0,0,0.0,0,Y,,N,BZ,14.73,PSIA,D,ID3
60-916-6673,Viking Gas Transmission Company,08/11/22 22:00:00,08/12/22 22:00:00,08/11/22 21:14:23,28664,Chippewa Falls,M2,RPQ,2.0,0,0,0,0.0,0,Y,,N,BZ,14.73,PSIA,D,ID3
60-916-6673,Viking Gas Transmission Company,08/11/22 22:00:00,08/12/22 22:00:00,08/11/22 21:14:23,28667,Greenwood,M2,RPQ,2.0,0,0,0,0.0,0,Y,,N,BZ,14.73,PSIA,D,ID3
60-916-6673,Viking Gas Transmission Company,08/11/22 22:00:00,08/12/22 22:00:00,08/11/22 21:14:23,28689,Boyceville,M2,RPQ,2.0,0,0,0,0.0,0,Y,,N,BZ,14.73,PSIA,D,ID3
60-916-6673,Viking Gas Transmission Company,08/11/22 22:00:00,08/12/22 22:00:00,08/11/22 21:14:23,28691,Menomonie,M2,RPQ,2.0,0,0,0,0.0,0,Y,,N,BZ,14.73,PSIA,D,ID3
60-916-6673,Viking Gas Transmission Company,08/11/22 22:00:00,08/12/22 22:00:00,08/11/22 21:14:23,28692,South Colfax,M2,RPQ,2.0,0,0,0,0.0,0,Y,,N,BZ,14.73,PSIA,D,ID3
60-916-6673,Viking Gas Transmission Company,08/11/22 22:00:00,08/12/22 22:00:00,08/11/22 21:14:23,28693,Eau Claire,M2,RPQ,2.0,0,0,0,0.0,0,Y,,N,BZ,14.73,PSIA,D,ID3
60-916-6673,Viking Gas Transmission Company,08/11/22 22:00:00,08/12/22 22:00:00,08/11/22 21:14:23,28694,Cadott,M2,RPQ,2.0,0,0,0,0.0,0,Y,,N,BZ,14.73,PSIA,D,ID3
60-916-6673,Viking Gas Transmission Company,08/11/22 22:00:00,08/12/22 22:00:00,08/11/22 21:14:23,28789,Dresser,M2,RPQ,2.0,0,0,0,0.0,0,Y,,N,BZ,14.73,PSIA,D,ID3
60-916-6673,Viking Gas Transmission Company,08/11/22 22:00:00,08/12/22 22:00:00,08/11/22 21:14:23,28872,ANR Marshfield,M2,RPQ,2.0,4828,107307,112135,547648.0,95713,Y,,,BZ,14.73,PSIA,BD,ID3
60-916-6673,Viking Gas Transmission Company,08/11/22 22:00:00,08/12/22 22:00:00,08/11/22 21:14:23,33973,Emerson,M2,RPQ,1.0,366285,525465,891750,879570.0,494827,Y,,,BZ,14.73,PSIA,R,ID3
60-916-6673,Viking Gas Transmission Company,08/11/22 22:00:00,08/12/22 22:00:00,08/11/22 21:14:23,174672,St. Vincent,M2,RPQ,1.0,0,393600,393600,397824.0,19960,Y,,,BZ,14.73,PSIA,BD,ID3
60-916-6673,Viking Gas Transmission Company,08/11/22 22:00:00,08/12/22 22:00:00,08/11/22 21:14:23,179031,Chisago Zn2,M2,RPQ,2.0,0,173738,173738,171704.0,0,Y,,,BZ,14.73,PSIA,BD,ID3
60-916-6673,Viking Gas Transmission Company,08/11/22 22:00:00,08/12/22 22:00:00,08/11/22 21:14:23,218305,Polk,M2,RPQ,2.0,0,0,0,0.0,0,Y,,N,BZ,14.73,PSIA,D,ID3
60-916-6673,Viking Gas Transmission Company,08/11/22 22:00:00,08/12/22 22:00:00,08/11/22 21:14:23,288035,Taylors Falls,M2,RPQ,2.0,0,0,0,0.0,0,Y,,N,BZ,14.73,PSIA,D,ID3
60-916-6673,Viking Gas Transmission Company,08/11/22 22:00:00,08/12/22 22:00:00,08/11/22 21:14:23,288036,North Branch,M2,RPQ,2.0,0,0,0,0.0,0,Y,,N,BZ,14.73,PSIA,D,ID3
60-916-6673,Viking Gas Transmission Company,08/11/22 22:00:00,08/12/22 22:00:00,08/11/22 21:14:23,288037,Green Lake,M2,RPQ,1.0,0,0,0,0.0,0,Y,,N,BZ,14.73,PSIA,D,ID3
60-916-6673,Viking Gas Transmission Company,08/11/22 22:00:00,08/12/22 22:00:00,08/11/22 21:14:23,288038,Camp Ripley,M2,RPQ,1.0,0,0,0,0.0,0,Y,,N,BZ,14.73,PSIA,D,ID3
60-916-6673,Viking Gas Transmission Company,08/11/22 22:00:00,08/12/22 22:00:00,08/11/22 21:14:23,288039,Randall,M2,RPQ,1.0,0,0,0,0.0,0,Y,,N,BZ,14.73,PSIA,D,ID3
60-916-6673,Viking Gas Transmission Company,08/11/22 22:00:00,08/12/22 22:00:00,08/11/22 21:14:23,288040,Little Falls,M2,RPQ,1.0,0,0,0,0.0,0,Y,,N,BZ,14.73,PSIA,D,ID3
60-916-6673,Viking Gas Transmission Company,08/11/22 22:00:00,08/12/22 22:00:00,08/11/22 21:14:23,288041,Pine Lake,M2,RPQ,1.0,0,0,0,0.0,0,Y,,N,BZ,14.73,PSIA,D,ID3
60-916-6673,Viking Gas Transmission Company,08/11/22 22:00:00,08/12/22 22:00:00,08/11/22 21:14:23,288042,Clarissa,M2,RPQ,1.0,0,0,0,0.0,0,Y,,N,BZ,14.73,PSIA,D,ID3
60-916-6673,Viking Gas Transmission Company,08/11/22 22:00:00,08/12/22 22:00:00,08/11/22 21:14:23,288044,Wheaton Generation,M2,RPQ,2.0,0,0,0,0.0,0,Y,,N,BZ,14.73,PSIA,D,ID3
60-916-6673,Viking Gas Transmission Company,08/11/22 22:00:00,08/12/22 22:00:00,08/11/22 21:14:23,288045,Wheaton,M2,RPQ,2.0,0,0,0,0.0,0,Y,,N,BZ,14.73,PSIA,D,ID3
60-916-6673,Viking Gas Transmission Company,08/11/22 22:00:00,08/12/22 22:00:00,08/11/22 21:14:23,288046,Dairyland,M2,RPQ,2.0,0,0,0,0.0,0,Y,,N,BZ,14.73,PSIA,D,ID3
60-916-6673,Viking Gas Transmission Company,08/11/22 22:00:00,08/12/22 22:00:00,08/11/22 21:14:23,288047,Chili,M2,RPQ,2.0,0,0,0,0.0,0,Y,,N,BZ,14.73,PSIA,D,ID3
60-916-6673,Viking Gas Transmission Company,08/11/22 22:00:00,08/12/22 22:00:00,08/11/22 21:14:23,288048,North Colfax,M2,RPQ,2.0,0,0,0,0.0,0,Y,,N,BZ,14.73,PSIA,D,ID3
60-916-6673,Viking Gas Transmission Company,08/11/22 22:00:00,08/12/22 22:00:00,08/11/22 21:14:23,288049,Fall Creek,M2,RPQ,2.0,0,0,0,0.0,0,Y,,N,BZ,14.73,PSIA,D,ID3
60-916-6673,Viking Gas Transmission Company,08/11/22 22:00:00,08/12/22 22:00:00,08/11/22 21:14:23,288050,Blackbrook,M2,RPQ,2.0,0,0,0,0.0,0,Y,,N,BZ,14.73,PSIA,D,ID3
60-916-6673,Viking Gas Transmission Company,08/11/22 22:00:00,08/12/22 22:00:00,08/11/22 21:14:23,288051,Wisc Gas Marshfield,M2,RPQ,2.0,0,0,0,0.0,0,Y,,N,BZ,14.73,PSIA,D,ID3
60-916-6673,Viking Gas Transmission Company,08/11/22 22:00:00,08/12/22 22:00:00,08/11/22 21:14:23,362785,Midwest Kinnickinnic,M2,RPQ,2.0,0,0,0,0.0,0,Y,,N,BZ,14.73,PSIA,D,ID3
60-916-6673,Viking Gas Transmission Company,08/11/22 22:00:00,08/12/22 22:00:00,08/11/22 21:14:23,362788,NSPWI Kinnickinnic,M2,RPQ,2.0,0,0,0,0.0,0,Y,,N,BZ,14.73,PSIA,D,ID3
60-916-6673,Viking Gas Transmission Company,08/11/22 22:00:00,08/12/22 22:00:00,08/11/22 21:14:23,362793,Wheeler,M2,RPQ,2.0,0,0,0,0.0,0,Y,,N,BZ,14.73,PSIA,D,ID3
60-916-6673,Viking Gas Transmission Company,08/11/22 22:00:00,08/12/22 22:00:00,08/11/22 21:14:23,362796,St. Croix Kinnickinnic,M2,RPQ,2.0,0,0,0,0.0,0,Y,,N,BZ,14.73,PSIA,D,ID3
60-916-6673,Viking Gas Transmission Company,08/11/22 22:00:00,08/12/22 22:00:00,08/11/22 21:14:23,362799,New Richmond,M2,RPQ,2.0,0,0,0,0.0,0,Y,,N,BZ,14.73,PSIA,D,ID3
60-916-6673,Viking Gas Transmission Company,08/11/22 22:00:00,08/12/22 22:00:00,08/11/22 21:14:23,474554,Hay Creek,M2,RPQ,2.0,0,0,0,0.0,0,Y,,N,BZ,14.73,PSIA,D,ID3
60-916-6673,Viking Gas Transmission Company,08/11/22 22:00:00,08/12/22 22:00:00,08/11/22 21:14:23,880005,Beltrami,M2,RPQ,1.0,0,0,0,0.0,0,Y,,N,BZ,14.73,PSIA,D,ID3
60-916-6673,Viking Gas Transmission Company,08/11/22 22:00:00,08/12/22 22:00:00,08/11/22 21:14:23,880008,Red Lake Falls,M2,RPQ,1.0,0,0,0,0.0,0,Y,,N,BZ,14.73,PSIA,D,ID3
60-916-6673,Viking Gas Transmission Company,08/11/22 22:00:00,08/12/22 22:00:00,08/11/22 21:14:23,880016,Wadena GMT,M2,RPQ,1.0,0,0,0,7150.0,0,Y,,N,BZ,14.73,PSIA,BD,ID3
60-916-6673,Viking Gas Transmission Company,08/11/22 22:00:00,08/12/22 22:00:00,08/11/22 21:14:23,880019,Felton,M2,RPQ,1.0,13097,7403,20500,81795.0,0,Y,,,BZ,14.73,PSIA,BD,ID3
60-916-6673,Viking Gas Transmission Company,08/11/22 22:00:00,08/12/22 22:00:00,08/11/22 21:14:23,880025,Hammond,M2,RPQ,2.0,0,0,0,0.0,0,Y,,N,BZ,14.73,PSIA,D,ID3
60-916-6673,Viking Gas Transmission Company,08/11/22 22:00:00,08/12/22 22:00:00,08/11/22 21:14:23,880030,Donaldson,M2,RPQ,1.0,0,0,0,0.0,0,Y,,N,BZ,14.73,PSIA,D,ID3
60-916-6673,Viking Gas Transmission Company,08/11/22 22:00:00,08/12/22 22:00:00,08/11/22 21:14:23,1250238,Northstar,M2,RPQ,1.0,0,0,0,7229.0,0,Y,,N,BZ,14.73,PSIA,BD,ID3
60-916-6673,Viking Gas Transmission Company,08/11/22 22:00:00,08/12/22 22:00:00,08/11/22 21:14:23,1387607,Randall GMG,M2,RPQ,1.0,0,0,0,0.0,0,Y,,N,BZ,14.73,PSIA,D,ID3
60-916-6673,Viking Gas Transmission Company,08/11/22 22:00:00,08/12/22 22:00:00,08/11/22 21:14:23,1395011,Hawley 2,M2,RPQ,1.0,0,0,0,0.0,0,Y,,N,BZ,14.73,PSIA,D,ID3
60-916-6673,Viking Gas Transmission Company,08/11/22 22:00:00,08/12/22 22:00:00,08/11/22 21:14:23,1400745,Ada GMT,M2,RPQ,1.0,0,0,0,0.0,0,Y,,N,BZ,14.73,PSIA,D,ID3
60-916-6673,Viking Gas Transmission Company,08/11/22 22:00:00,08/12/22 22:00:00,08/11/22 21:14:23,1400748,Fergus Falls GMG,M2,RPQ,1.0,0,0,0,0.0,0,Y,,N,BZ,14.73,PSIA,D,ID3
60-916-6673,Viking Gas Transmission Company,08/11/22 22:00:00,08/12/22 22:00:00,08/11/22 21:14:23,1400751,Saint Clair,M2,RPQ,1.0,0,0,0,0.0,0,Y,,N,BZ,14.73,PSIA,D,ID3
60-916-6673,Viking Gas Transmission Company,08/11/22 22:00:00,08/12/22 22:00:00,08/11/22 21:14:23,1400841,Wilson,M2,RPQ,2.0,0,0,0,0.0,0,Y,,N,BZ,14.73,PSIA,D,ID3
00-679-2451,Midwestern Gas Transmission Company,08/11/22 22:00:00,08/12/22 09:00:00,08/11/22 21:30:22,122,Flow South of Walnut Grove,7S,SGQ,,18500,108700,127200,127200.0,120000,Y,,,BZ,14.73,PSIA,TD2,ID3
00-679-2451,Midwestern Gas Transmission Company,08/11/22 22:00:00,08/12/22 09:00:00,08/11/22 21:30:22,3,Flow Past Comp Station #2101,7S,SGQ,,118606,432594,551200,542660.0,445520,Y,,,BZ,14.73,PSIA,TD1,ID3
00-679-2451,Midwestern Gas Transmission Company,08/11/22 22:00:00,08/12/22 09:00:00,08/11/22 21:30:22,2,Flow Past Comp Station #2101,7S,SGQ,,0,493634,493634,493634.0,419692,Y,,,BZ,14.73,PSIA,TD2,ID3
00-679-2451,Midwestern Gas Transmission Company,08/11/22 22:00:00,08/12/22 09:00:00,08/11/22 21:30:22,1,Flow Past Comp Station #2105,7S,SGQ,,117111,417144,534255,534255.0,442720,Y,,,BZ,14.73,PSIA,TD1,ID3
00-679-2451,Midwestern Gas Transmission Company,08/11/22 22:00:00,08/12/22 09:00:00,08/11/22 21:30:22,4,Flow Past Comp Station #2105,7S,SGQ,,0,495196,495196,495196.0,419692,Y,,,BZ,14.73,PSIA,TD2,ID3
00-679-2451,Midwestern Gas Transmission Company,08/11/22 22:00:00,08/12/22 09:00:00,08/11/22 21:30:22,5,Flow Past Comp Station #2110,7S,SGQ,,78175,447675,525850,525850.0,426819,Y,,,BZ,14.73,PSIA,TD1,ID3
00-679-2451,Midwestern Gas Transmission Company,08/11/22 22:00:00,08/12/22 09:00:00,08/11/22 21:30:22,6,Flow Past Comp Station #2110,7S,SGQ,,0,559995,559995,559995.0,476723,Y,,,BZ,14.73,PSIA,TD2,ID3
00-679-2451,Midwestern Gas Transmission Company,08/11/22 22:00:00,08/12/22 09:00:00,08/11/22 21:30:22,7,Flow Past Comp Station #2113,7S,SGQ,,3437,501257,504694,504694.0,414010,Y,,,BZ,14.73,PSIA,TD1,ID3
00-679-2451,Midwestern Gas Transmission Company,08/11/22 22:00:00,08/12/22 09:00:00,08/11/22 21:30:22,8,Flow Past Comp Station #2113,7S,SGQ,,0,741386,741386,741386.0,476723,Y,,,BZ,14.73,PSIA,TD2,ID3
00-679-2451,Midwestern Gas Transmission Company,08/11/22 22:00:00,08/12/22 09:00:00,08/11/22 21:30:22,9,Flow Past Comp Station #2115,7S,SGQ,,0,483537,483537,483537.0,406460,Y,,,BZ,14.73,PSIA,TD1,ID3
00-679-2451,Midwestern Gas Transmission Company,08/11/22 22:00:00,08/12/22 09:00:00,08/11/22 21:30:22,10,Flow Past Comp Station #2115,7S,SGQ,,118441,628056,746497,746497.0,489723,Y,,,BZ,14.73,PSIA,TD2,ID3
00-679-2451,Midwestern Gas Transmission Company,08/11/22 22:00:00,08/12/22 09:00:00,08/11/22 21:30:22,11,Flow Past Comp Station #2118,7S,SGQ,,523993,219067,743060,790615.0,737800,Y,,,BZ,14.73,PSIA,TD1,ID3
00-679-2451,Midwestern Gas Transmission Company,08/11/22 22:00:00,08/12/22 09:00:00,08/11/22 21:30:22,12,Flow Past Comp Station #2118,7S,SGQ,,0,475921,475921,475921.0,471871,Y,,,BZ,14.73,PSIA,TD2,ID3
00-679-2451,Midwestern Gas Transmission Company,08/11/22 22:00:00,08/12/22 09:00:00,08/11/22 21:30:22,81,Flow south of Wilmington,7S,SGQ,,0,428675,428675,428675.0,416871,Y,,,BZ,14.73,PSIA,TD2,ID3
00-679-2451,Midwestern Gas Transmission Company,08/11/22 22:00:00,08/12/22 09:00:00,08/11/22 21:30:22,101,Flow North of Wilmington,7S,SGQ,,523993,261979,785972,785972.0,737800,Y,,,BZ,14.73,PSIA,TD1,ID3
00-679-2451,Midwestern Gas Transmission Company,08/11/22 22:00:00,08/12/22 22:00:00,08/11/22 21:30:22,3620,Marshall,MQ,DPQ,,433,18467,18900,14103.0,7550,Y,,,BZ,14.73,PSIA,D,ID3
00-679-2451,Midwestern Gas Transmission Company,08/11/22 22:00:00,08/12/22 22:00:00,08/11/22 21:30:22,3749,Vermillion - CIPS,MQ,DPQ,,0,1575,1575,1527.0,1380,Y,,,BZ,14.73,PSIA,D,ID3
00-679-2451,Midwestern Gas Transmission Company,08/11/22 22:00:00,08/12/22 22:00:00,08/11/22 21:30:22,3801,Cissna Park,MQ,DPQ,,0,1575,1575,1553.0,0,Y,,,BZ,14.73,PSIA,D,ID3
00-679-2451,Midwestern Gas Transmission Company,08/11/22 22:00:00,08/12/22 22:00:00,08/11/22 21:30:22,3802,Gilman,MQ,DPQ,,0,49350,49350,48645.0,0,Y,,,BZ,14.73,PSIA,D,ID3
00-679-2451,Midwestern Gas Transmission Company,08/11/22 22:00:00,08/12/22 22:00:00,08/11/22 21:30:22,3826,Kankakee,MQ,DPQ,,0,112350,112350,110745.0,0,Y,,,BZ,14.73,PSIA,D,ID3
00-679-2451,Midwestern Gas Transmission Company,08/11/22 22:00:00,08/12/22 22:00:00,08/11/22 21:30:22,4128,Oakwood,MQ,DPQ,,0,1575,1575,1556.0,0,Y,,,BZ,14.73,PSIA,D,ID3
00-679-2451,Midwestern Gas Transmission Company,08/11/22 22:00:00,08/12/22 22:00:00,08/11/22 21:30:22,4130,Armstrong,MQ,DPQ,,0,1575,1575,1553.0,0,Y,,,BZ,14.73,PSIA,D,ID3
00-679-2451,Midwestern Gas Transmission Company,08/11/22 22:00:00,08/12/22 22:00:00,08/11/22 21:30:22,4131,Potomac - Nicor,MQ,DPQ,,0,49350,49350,48645.0,0,Y,,,BZ,14.73,PSIA,D,ID3
00-679-2451,Midwestern Gas Transmission Company,08/11/22 22:00:00,08/12/22 22:00:00,08/11/22 21:30:22,4132,East Lynn,MQ,DPQ,,0,1575,1575,1553.0,0,Y,,,BZ,14.73,PSIA,D,ID3
00-679-2451,Midwestern Gas Transmission Company,08/11/22 22:00:00,08/12/22 22:00:00,08/11/22 21:30:22,4133,Rankin,MQ,DPQ,,0,1575,1575,1553.0,0,Y,,,BZ,14.73,PSIA,D,ID3
00-679-2451,Midwestern Gas Transmission Company,08/11/22 22:00:00,08/12/22 22:00:00,08/11/22 21:30:22,4200,Wilmington,MQ,DPQ,,0,388500,388500,383320.0,0,Y,,,BZ,14.73,PSIA,D,ID3
00-679-2451,Midwestern Gas Transmission Company,08/11/22 22:00:00,08/12/22 22:00:00,08/11/22 21:30:22,4201,Joliet - NGPL,MQ,DPQ,,0,1142400,1142400,1126080.0,20000,Y,,,BZ,14.73,PSIA,D,ID3
00-679-2451,Midwestern Gas Transmission Company,08/11/22 22:00:00,08/12/22 22:00:00,08/11/22 21:30:22,4202,Rexall Chemical,MQ,DPQ,,0,194250,194250,190920.0,0,Y,,,BZ,14.73,PSIA,D,ID3
00-679-2451,Midwestern Gas Transmission Company,08/11/22 22:00:00,08/12/22 22:00:00,08/11/22 21:30:22,4204,Joliet - ANR,MQ,DPQ,,0,0,0,367806.0,0,Y,,N,BZ,14.73,PSIA,BD,ID3
00-679-2451,Midwestern Gas Transmission Company,08/11/22 22:00:00,08/12/22 22:00:00,08/11/22 21:30:22,4371,Bicknell,MQ,DPQ,,0,0,0,0.0,0,Y,,N,BZ,14.73,PSIA,R,ID3
00-679-2451,Midwestern Gas Transmission Company,08/11/22 22:00:00,08/12/22 22:00:00,08/11/22 21:30:22,4445,Holland,MQ,DPQ,,185,1390,1575,1562.0,1034,Y,,,BZ,14.73,PSIA,D,ID3
00-679-2451,Midwestern Gas Transmission Company,08/11/22 22:00:00,08/12/22 22:00:00,08/11/22 21:30:22,4487,Grandview,MQ,DPQ,,1,1574,1575,1563.0,467,Y,,,BZ,14.73,PSIA,D,ID3
00-679-2451,Midwestern Gas Transmission Company,08/11/22 22:00:00,08/12/22 22:00:00,08/11/22 21:30:22,4501,Carlisle,MQ,DPQ,,5,1570,1575,1556.0,809,Y,,,BZ,14.73,PSIA,D,ID3
00-679-2451,Midwestern Gas Transmission Company,08/11/22 22:00:00,08/12/22 22:00:00,08/11/22 21:30:22,6077,Morgantown North,MQ,DPQ,,46,4679,4725,4689.0,900,Y,,,BZ,14.73,PSIA,D,ID3
00-679-2451,Midwestern Gas Transmission Company,08/11/22 22:00:00,08/12/22 22:00:00,08/11/22 21:30:22,6135,Whitesville,MQ,DPQ,,26041,662759,688800,684208.0,56431,Y,,,BZ,14.73,PSIA,D,ID3
00-679-2451,Midwestern Gas Transmission Company,08/11/22 22:00:00,08/12/22 22:00:00,08/11/22 21:30:22,18189,Potomac - Trunkline,MQ,DPQ,,0,0,0,0.0,0,Y,,N,BZ,14.73,PSIA,R,ID3
00-679-2451,Midwestern Gas Transmission Company,08/11/22 22:00:00,08/12/22 22:00:00,08/11/22 21:30:22,18234,Chrisney,MQ,DPQ,,0,50000,50000,192400.0,0,Y,,,BZ,14.73,PSIA,BD,ID3
00-679-2451,Midwestern Gas Transmission Company,08/11/22 22:00:00,08/12/22 22:00:00,08/11/22 21:30:22,33315,Western Kentucky,MQ,DPQ,,11392,37958,49350,48974.0,0,Y,,,BZ,14.73,PSIA,D,ID3
00-679-2451,Midwestern Gas Transmission Company,08/11/22 22:00:00,08/12/22 22:00:00,08/11/22 21:30:22,71145,Union Hill,MQ,DPQ,,0,615300,615300,606510.0,0,Y,,,BZ,14.73,PSIA,BD,ID3
00-679-2451,Midwestern Gas Transmission Company,08/11/22 22:00:00,08/12/22 22:00:00,08/11/22 21:30:22,153631,Prison,MQ,DPQ,,68,4657,4725,4667.0,0,Y,,,BZ,14.73,PSIA,D,ID3
00-679-2451,Midwestern Gas Transmission Company,08/11/22 22:00:00,08/12/22 22:00:00,08/11/22 21:30:22,153633,Huntingburg,MQ,DPQ,,405,9045,9450,9369.0,0,Y,,,BZ,14.73,PSIA,D,ID3
00-679-2451,Midwestern Gas Transmission Company,08/11/22 22:00:00,08/12/22 22:00:00,08/11/22 21:30:22,153635,Sigeco,MQ,DPQ,,875,118825,119700,119700.0,15000,Y,,,BZ,14.73,PSIA,D,ID3
00-679-2451,Midwestern Gas Transmission Company,08/11/22 22:00:00,08/12/22 22:00:00,08/11/22 21:30:22,193263,Herscher,MQ,DPQ,,0,0,0,0.0,0,Y,,N,BZ,14.73,PSIA,R,ID3
00-679-2451,Midwestern Gas Transmission Company,08/11/22 22:00:00,08/12/22 22:00:00,08/11/22 21:30:22,193265,Morgantown South,MQ,DPQ,,1177,5963,7140,7086.0,1900,Y,,,BZ,14.73,PSIA,D,ID3
00-679-2451,Midwestern Gas Transmission Company,08/11/22 22:00:00,08/12/22 22:00:00,08/11/22 21:30:22,193266,Illinois Power,MQ,DPQ,,0,52500,52500,51850.0,23660,Y,,,BZ,14.73,PSIA,D,ID3
00-679-2451,Midwestern Gas Transmission Company,08/11/22 22:00:00,08/12/22 22:00:00,08/11/22 21:30:22,198233,Perdue Farm,MQ,DPQ,,1,1574,1575,1565.0,0,Y,,,BZ,14.73,PSIA,D,ID3
00-679-2451,Midwestern Gas Transmission Company,08/11/22 22:00:00,08/12/22 22:00:00,08/11/22 21:30:22,216188,Danville,MQ,DPQ,,0,98175,98175,96960.0,0,Y,,,BZ,14.73,PSIA,D,ID3
00-679-2451,Midwestern Gas Transmission Company,08/11/22 22:00:00,08/12/22 22:00:00,08/11/22 21:30:22,217671,Portland,MQ,DPQ,,5472,561528,567000,1859970.0,419692,Y,,,BZ,14.73,PSIA,BD,ID3
00-679-2451,Midwestern Gas Transmission Company,08/11/22 22:00:00,08/12/22 22:00:00,08/11/22 21:30:22,222230,Dundee,MQ,DPQ,,2,2308,2310,2292.0,0,Y,,,BZ,14.73,PSIA,D,ID3
00-679-2451,Midwestern Gas Transmission Company,08/11/22 22:00:00,08/12/22 22:00:00,08/11/22 21:30:22,227982,Channahon,MQ,DPQ,,82676,115774,198450,365355.0,189000,Y,,,BZ,14.73,PSIA,BD,ID3
00-679-2451,Midwestern Gas Transmission Company,08/11/22 22:00:00,08/12/22 22:00:00,08/11/22 21:30:22,264870,Vigo,MQ,DPQ,,1789,57536,59325,58591.0,3000,Y,,,BZ,14.73,PSIA,D,ID3
00-679-2451,Midwestern Gas Transmission Company,08/11/22 22:00:00,08/12/22 22:00:00,08/11/22 21:30:22,281203,Wheatland Power,MQ,DPQ,,0,318150,318150,315423.0,0,Y,,,BZ,14.73,PSIA,D,ID3
00-679-2451,Midwestern Gas Transmission Company,08/11/22 22:00:00,08/12/22 22:00:00,08/11/22 21:30:22,283541,Simpson,MQ,DPQ,,265,1310,1575,1563.0,0,Y,,,BZ,14.73,PSIA,D,ID3
00-679-2451,Midwestern Gas Transmission Company,08/11/22 22:00:00,08/12/22 22:00:00,08/11/22 21:30:22,283544,Scepter,MQ,DPQ,,675,4050,4725,4667.0,0,Y,,,BZ,14.73,PSIA,D,ID3
00-679-2451,Midwestern Gas Transmission Company,08/11/22 22:00:00,08/12/22 22:00:00,08/11/22 21:30:22,283546,Grain Processing,MQ,DPQ,,11597,37753,49350,48927.0,12000,Y,,,BZ,14.73,PSIA,D,ID3
00-679-2451,Midwestern Gas Transmission Company,08/11/22 22:00:00,08/12/22 22:00:00,08/11/22 21:30:22,283548,Ameren Power,MQ,DPQ,,0,2625,2625,2593.0,0,Y,,,BZ,14.73,PSIA,D,ID3
00-679-2451,Midwestern Gas Transmission Company,08/11/22 22:00:00,08/12/22 22:00:00,08/11/22 21:30:22,283549,Will County,MQ,DPQ,,0,0,0,0.0,0,Y,,N,BZ,14.73,PSIA,R,ID3
00-679-2451,Midwestern Gas Transmission Company,08/11/22 22:00:00,08/12/22 22:00:00,08/11/22 21:30:22,283552,Vermillion - Duke,MQ,DPQ,,12843,359907,372750,367780.0,0,Y,,,BZ,14.73,PSIA,D,ID3
00-679-2451,Midwestern Gas Transmission Company,08/11/22 22:00:00,08/12/22 22:00:00,08/11/22 21:30:22,305590,Wabash,MQ,DPQ,,3527,272623,276150,274572.0,0,Y,,,BZ,14.73,PSIA,D,ID3
00-679-2451,Midwestern Gas Transmission Company,08/11/22 22:00:00,08/12/22 22:00:00,08/11/22 21:30:22,305591,Ohio Valley Hub,MQ,DPQ,,0,164850,164850,163437.0,0,Y,,,BZ,14.73,PSIA,BD,ID3
00-679-2451,Midwestern Gas Transmission Company,08/11/22 22:00:00,08/12/22 22:00:00,08/11/22 21:30:22,322225,Sugar Creek,MQ,DPQ,,70000,304535,374535,371325.0,0,Y,,,BZ,14.73,PSIA,D,ID3
00-679-2451,Midwestern Gas Transmission Company,08/11/22 22:00:00,08/12/22 22:00:00,08/11/22 21:30:22,327805,Nicor - SA,MQ,DPQ,,62351,620149,682500,,180000,N,Capacity N/A for this element,,BZ,14.73,PSIA,BD,ID3
00-679-2451,Midwestern Gas Transmission Company,08/11/22 22:00:00,08/12/22 22:00:00,08/11/22 21:30:22,330277,Nicor - MBP,MQ,DPQ,,0,682500,682500,,0,N,Capacity N/A for this element,,BZ,14.73,PSIA,BD,ID3
00-679-2451,Midwestern Gas Transmission Company,08/11/22 22:00:00,08/12/22 22:00:00,08/11/22 21:30:22,360136,Millsdale,MQ,DPQ,,382122,23678,405800,667152.0,348800,Y,,,BZ,14.73,PSIA,BD,ID3
00-679-2451,Midwestern Gas Transmission Company,08/11/22 22:00:00,08/12/22 22:00:00,08/11/22 21:30:22,368766,Nicor CCB,MQ,DPQ,,0,682500,682500,,0,N,Capacity N/A for this element,,BZ,14.73,PSIA,BD,ID3
00-679-2451,Midwestern Gas Transmission Company,08/11/22 22:00:00,08/12/22 22:00:00,08/11/22 21:30:22,456179,Proliance-SA,MQ,DPQ,,0,157500,157500,,0,N,Capacity N/A for this element,,BZ,14.73,PSIA,BD,ID3
00-679-2451,Midwestern Gas Transmission Company,08/11/22 22:00:00,08/12/22 22:00:00,08/11/22 21:30:22,471954,Sullivan,MQ,DPQ,,45910,148340,194250,192585.0,10000,Y,,,BZ,14.73,PSIA,BD,ID3
00-679-2451,Midwestern Gas Transmission Company,08/11/22 22:00:00,08/12/22 22:00:00,08/11/22 21:30:22,473936,Constellation NE-SA,MQ,DPQ,,0,53629,53629,51075.0,0,Y,,,BZ,14.73,PSIA,BD,ID3
00-679-2451,Midwestern Gas Transmission Company,08/11/22 22:00:00,08/12/22 22:00:00,08/11/22 21:30:22,485401,Walnut Grove,MQ,DPQ,,0,78750,78750,191290.0,75000,Y,,,BZ,14.73,PSIA,BD,ID3
00-679-2451,Midwestern Gas Transmission Company,08/11/22 22:00:00,08/12/22 22:00:00,08/11/22 21:30:22,485405,Boat Dock,MQ,DPQ,,20000,287650,307650,301497.0,45000,Y,,,BZ,14.73,PSIA,D,ID3
00-679-2451,Midwestern Gas Transmission Company,08/11/22 22:00:00,08/12/22 22:00:00,08/11/22 21:30:22,486324,Robinson,MQ,DPQ,,0,0,0,0.0,0,Y,,N,BZ,14.73,PSIA,R,ID3
00-679-2451,Midwestern Gas Transmission Company,08/11/22 22:00:00,08/12/22 22:00:00,08/11/22 21:30:22,695518,Paxton,MQ,DPQ,,0,0,0,0.0,0,Y,,N,BZ,14.73,PSIA,R,ID3
00-679-2451,Midwestern Gas Transmission Company,08/11/22 22:00:00,08/12/22 22:00:00,08/11/22 21:30:22,696639,Scotland REX,MQ,DPQ,,0,0,0,0.0,0,Y,,N,BZ,14.73,PSIA,R,ID3
00-679-2451,Midwestern Gas Transmission Company,08/11/22 22:00:00,08/12/22 22:00:00,08/11/22 21:30:22,880036,PEPL Scotland,MQ,DPQ,,75,11924,11999,293000.0,10000,Y,,,BZ,14.73,PSIA,D,ID3
00-679-2451,Midwestern Gas Transmission Company,08/11/22 22:00:00,08/12/22 22:00:00,08/11/22 21:30:22,966555,Edwardsport,MQ,DPQ,,65000,242650,307650,304720.0,0,Y,,,BZ,14.73,PSIA,D,ID3
00-679-2451,Midwestern Gas Transmission Company,08/11/22 22:00:00,08/12/22 22:00:00,08/11/22 21:30:22,1260523,Ameren SA,MQ,DPQ,,536,159064,159600,1582.0,0,Y,,,BZ,14.73,PSIA,BD,ID3
00-679-2451,Midwestern Gas Transmission Company,08/11/22 22:00:00,08/12/22 22:00:00,08/11/22 21:30:22,1401085,East Portland,MQ,DPQ,,450,4800,5250,5000.0,1500,Y,,,BZ,14.73,PSIA,BD,ID3
00-679-2451,Midwestern Gas Transmission Company,08/11/22 22:00:00,08/12/22 22:00:00,08/11/22 21:30:22,3620,Marshall,M2,RPQ,,0,13481,13481,0.0,0,Y,,,BZ,14.73,PSIA,D,ID3
00-679-2451,Midwestern Gas Transmission Company,08/11/22 22:00:00,08/12/22 22:00:00,08/11/22 21:30:22,3749,Vermillion - CIPS,M2,RPQ,,0,1527,1527,0.0,0,Y,,,BZ,14.73,PSIA,D,ID3
00-679-2451,Midwestern Gas Transmission Company,08/11/22 22:00:00,08/12/22 22:00:00,08/11/22 21:30:22,3801,Cissna Park,M2,RPQ,,0,0,0,0.0,0,Y,,N,BZ,14.73,PSIA,D,ID3
00-679-2451,Midwestern Gas Transmission Company,08/11/22 22:00:00,08/12/22 22:00:00,08/11/22 21:30:22,3802,Gilman,M2,RPQ,,0,0,0,0.0,0,Y,,N,BZ,14.73,PSIA,D,ID3
00-679-2451,Midwestern Gas Transmission Company,08/11/22 22:00:00,08/12/22 22:00:00,08/11/22 21:30:22,3826,Kankakee,M2,RPQ,,0,0,0,0.0,0,Y,,N,BZ,14.73,PSIA,D,ID3
00-679-2451,Midwestern Gas Transmission Company,08/11/22 22:00:00,08/12/22 22:00:00,08/11/22 21:30:22,4128,Oakwood,M2,RPQ,,0,1556,1556,0.0,0,Y,,,BZ,14.73,PSIA,D,ID3
00-679-2451,Midwestern Gas Transmission Company,08/11/22 22:00:00,08/12/22 22:00:00,08/11/22 21:30:22,4130,Armstrong,M2,RPQ,,0,1553,1553,0.0,0,Y,,,BZ,14.73,PSIA,D,ID3
00-679-2451,Midwestern Gas Transmission Company,08/11/22 22:00:00,08/12/22 22:00:00,08/11/22 21:30:22,4131,Potomac - Nicor,M2,RPQ,,0,0,0,0.0,0,Y,,N,BZ,14.73,PSIA,D,ID3
00-679-2451,Midwestern Gas Transmission Company,08/11/22 22:00:00,08/12/22 22:00:00,08/11/22 21:30:22,4132,East Lynn,M2,RPQ,,0,1553,1553,0.0,0,Y,,,BZ,14.73,PSIA,D,ID3
00-679-2451,Midwestern Gas Transmission Company,08/11/22 22:00:00,08/12/22 22:00:00,08/11/22 21:30:22,4133,Rankin,M2,RPQ,,0,0,0,0.0,0,Y,,N,BZ,14.73,PSIA,D,ID3
00-679-2451,Midwestern Gas Transmission Company,08/11/22 22:00:00,08/12/22 22:00:00,08/11/22 21:30:22,4200,Wilmington,M2,RPQ,,0,0,0,0.0,0,Y,,N,BZ,14.73,PSIA,D,ID3
00-679-2451,Midwestern Gas Transmission Company,08/11/22 22:00:00,08/12/22 22:00:00,08/11/22 21:30:22,4201,Joliet - NGPL,M2,RPQ,,0,0,0,0.0,0,Y,,N,BZ,14.73,PSIA,D,ID3
00-679-2451,Midwestern Gas Transmission Company,08/11/22 22:00:00,08/12/22 22:00:00,08/11/22 21:30:22,4202,Rexall Chemical,M2,RPQ,,0,0,0,0.0,0,Y,,N,BZ,14.73,PSIA,D,ID3
00-679-2451,Midwestern Gas Transmission Company,08/11/22 22:00:00,08/12/22 22:00:00,08/11/22 21:30:22,4204,Joliet - ANR,M2,RPQ,,0,367806,367806,367806.0,143506,Y,,,BZ,14.73,PSIA,BD,ID3
00-679-2451,Midwestern Gas Transmission Company,08/11/22 22:00:00,08/12/22 22:00:00,08/11/22 21:30:22,4371,Bicknell,M2,RPQ,,0,77520,77520,77520.0,0,Y,,,BZ,14.73,PSIA,R,ID3
00-679-2451,Midwestern Gas Transmission Company,08/11/22 22:00:00,08/12/22 22:00:00,08/11/22 21:30:22,4445,Holland,M2,RPQ,,0,0,0,0.0,0,Y,,N,BZ,14.73,PSIA,D,ID3
00-679-2451,Midwestern Gas Transmission Company,08/11/22 22:00:00,08/12/22 22:00:00,08/11/22 21:30:22,4487,Grandview,M2,RPQ,,0,0,0,0.0,0,Y,,N,BZ,14.73,PSIA,D,ID3
00-679-2451,Midwestern Gas Transmission Company,08/11/22 22:00:00,08/12/22 22:00:00,08/11/22 21:30:22,4501,Carlisle,M2,RPQ,,0,0,0,0.0,0,Y,,N,BZ,14.73,PSIA,D,ID3
00-679-2451,Midwestern Gas Transmission Company,08/11/22 22:00:00,08/12/22 22:00:00,08/11/22 21:30:22,6077,Morgantown North,M2,RPQ,,0,0,0,0.0,0,Y,,N,BZ,14.73,PSIA,D,ID3
00-679-2451,Midwestern Gas Transmission Company,08/11/22 22:00:00,08/12/22 22:00:00,08/11/22 21:30:22,6135,Whitesville,M2,RPQ,,0,0,0,0.0,0,Y,,N,BZ,14.73,PSIA,D,ID3
00-679-2451,Midwestern Gas Transmission Company,08/11/22 22:00:00,08/12/22 22:00:00,08/11/22 21:30:22,18189,Potomac - Trunkline,M2,RPQ,,0,10380,10380,220056.0,10000,Y,,,BZ,14.73,PSIA,R,ID3
00-679-2451,Midwestern Gas Transmission Company,08/11/22 22:00:00,08/12/22 22:00:00,08/11/22 21:30:22,18234,Chrisney,M2,RPQ,,0,192400,192400,192400.0,0,Y,,,BZ,14.73,PSIA,BD,ID3
00-679-2451,Midwestern Gas Transmission Company,08/11/22 22:00:00,08/12/22 22:00:00,08/11/22 21:30:22,33315,Western Kentucky,M2,RPQ,,0,0,0,0.0,0,Y,,N,BZ,14.73,PSIA,D,ID3
00-679-2451,Midwestern Gas Transmission Company,08/11/22 22:00:00,08/12/22 22:00:00,08/11/22 21:30:22,71145,Union Hill,M2,RPQ,,0,606510,606510,606510.0,0,Y,,,BZ,14.73,PSIA,BD,ID3
00-679-2451,Midwestern Gas Transmission Company,08/11/22 22:00:00,08/12/22 22:00:00,08/11/22 21:30:22,153631,Prison,M2,RPQ,,0,0,0,0.0,0,Y,,N,BZ,14.73,PSIA,D,ID3
00-679-2451,Midwestern Gas Transmission Company,08/11/22 22:00:00,08/12/22 22:00:00,08/11/22 21:30:22,153633,Huntingburg,M2,RPQ,,0,0,0,0.0,0,Y,,N,BZ,14.73,PSIA,D,ID3
00-679-2451,Midwestern Gas Transmission Company,08/11/22 22:00:00,08/12/22 22:00:00,08/11/22 21:30:22,153635,Sigeco,M2,RPQ,,0,0,0,0.0,0,Y,,N,BZ,14.73,PSIA,D,ID3
00-679-2451,Midwestern Gas Transmission Company,08/11/22 22:00:00,08/12/22 22:00:00,08/11/22 21:30:22,193263,Herscher,M2,RPQ,,0,374850,374850,757914.0,45000,Y,,,BZ,14.73,PSIA,R,ID3
00-679-2451,Midwestern Gas Transmission Company,08/11/22 22:00:00,08/12/22 22:00:00,08/11/22 21:30:22,193265,Morgantown South,M2,RPQ,,0,0,0,0.0,0,Y,,N,BZ,14.73,PSIA,D,ID3
00-679-2451,Midwestern Gas Transmission Company,08/11/22 22:00:00,08/12/22 22:00:00,08/11/22 21:30:22,193266,Illinois Power,M2,RPQ,,0,51850,51850,0.0,0,Y,,,BZ,14.73,PSIA,D,ID3
00-679-2451,Midwestern Gas Transmission Company,08/11/22 22:00:00,08/12/22 22:00:00,08/11/22 21:30:22,198233,Perdue Farm,M2,RPQ,,0,0,0,0.0,0,Y,,N,BZ,14.73,PSIA,D,ID3
00-679-2451,Midwestern Gas Transmission Company,08/11/22 22:00:00,08/12/22 22:00:00,08/11/22 21:30:22,216188,Danville,M2,RPQ,,0,10370,10370,0.0,0,Y,,,BZ,14.73,PSIA,D,ID3
00-679-2451,Midwestern Gas Transmission Company,08/11/22 22:00:00,08/12/22 22:00:00,08/11/22 21:30:22,217671,Portland,M2,RPQ,,143045,423955,567000,1861755.0,565520,Y,,,BZ,14.73,PSIA,BD,ID3
00-679-2451,Midwestern Gas Transmission Company,08/11/22 22:00:00,08/12/22 22:00:00,08/11/22 21:30:22,222230,Dundee,M2,RPQ,,0,0,0,0.0,0,Y,,N,BZ,14.73,PSIA,D,ID3
00-679-2451,Midwestern Gas Transmission Company,08/11/22 22:00:00,08/12/22 22:00:00,08/11/22 21:30:22,227982,Channahon,M2,RPQ,,386,346114,346500,365355.0,16673,Y,,,BZ,14.73,PSIA,BD,ID3
00-679-2451,Midwestern Gas Transmission Company,08/11/22 22:00:00,08/12/22 22:00:00,08/11/22 21:30:22,264870,Vigo,M2,RPQ,,0,0,0,0.0,0,Y,,N,BZ,14.73,PSIA,D,ID3
00-679-2451,Midwestern Gas Transmission Company,08/11/22 22:00:00,08/12/22 22:00:00,08/11/22 21:30:22,281203,Wheatland Power,M2,RPQ,,0,315423,315423,0.0,0,Y,,,BZ,14.73,PSIA,D,ID3
00-679-2451,Midwestern Gas Transmission Company,08/11/22 22:00:00,08/12/22 22:00:00,08/11/22 21:30:22,283541,Simpson,M2,RPQ,,0,0,0,0.0,0,Y,,N,BZ,14.73,PSIA,D,ID3
00-679-2451,Midwestern Gas Transmission Company,08/11/22 22:00:00,08/12/22 22:00:00,08/11/22 21:30:22,283544,Scepter,M2,RPQ,,0,0,0,0.0,0,Y,,N,BZ,14.73,PSIA,D,ID3
00-679-2451,Midwestern Gas Transmission Company,08/11/22 22:00:00,08/12/22 22:00:00,08/11/22 21:30:22,283546,Grain Processing,M2,RPQ,,0,0,0,0.0,0,Y,,N,BZ,14.73,PSIA,D,ID3
00-679-2451,Midwestern Gas Transmission Company,08/11/22 22:00:00,08/12/22 22:00:00,08/11/22 21:30:22,283548,Ameren Power,M2,RPQ,,0,2593,2593,0.0,0,Y,,,BZ,14.73,PSIA,D,ID3
00-679-2451,Midwestern Gas Transmission Company,08/11/22 22:00:00,08/12/22 22:00:00,08/11/22 21:30:22,283549,Will County,M2,RPQ,,3545,771409,774954,1334304.0,47692,Y,,,BZ,14.73,PSIA,R,ID3
00-679-2451,Midwestern Gas Transmission Company,08/11/22 22:00:00,08/12/22 22:00:00,08/11/22 21:30:22,283552,Vermillion - Duke,M2,RPQ,,0,207200,207200,0.0,0,Y,,,BZ,14.73,PSIA,D,ID3
00-679-2451,Midwestern Gas Transmission Company,08/11/22 22:00:00,08/12/22 22:00:00,08/11/22 21:30:22,305590,Wabash,M2,RPQ,,0,274572,274572,0.0,0,Y,,,BZ,14.73,PSIA,D,ID3
00-679-2451,Midwestern Gas Transmission Company,08/11/22 22:00:00,08/12/22 22:00:00,08/11/22 21:30:22,305591,Ohio Valley Hub,M2,RPQ,,0,93690,93690,163437.0,0,Y,,,BZ,14.73,PSIA,BD,ID3
00-679-2451,Midwestern Gas Transmission Company,08/11/22 22:00:00,08/12/22 22:00:00,08/11/22 21:30:22,322225,Sugar Creek,M2,RPQ,,0,208200,208200,0.0,0,Y,,,BZ,14.73,PSIA,D,ID3
00-679-2451,Midwestern Gas Transmission Company,08/11/22 22:00:00,08/12/22 22:00:00,08/11/22 21:30:22,327805,Nicor - SA,M2,RPQ,,0,661050,661050,,0,N,Capacity N/A for this element,,BZ,14.73,PSIA,BD,ID3
00-679-2451,Midwestern Gas Transmission Company,08/11/22 22:00:00,08/12/22 22:00:00,08/11/22 21:30:22,330277,Nicor - MBP,M2,RPQ,,0,661050,661050,,0,N,Capacity N/A for this element,,BZ,14.73,PSIA,BD,ID3
00-679-2451,Midwestern Gas Transmission Company,08/11/22 22:00:00,08/12/22 22:00:00,08/11/22 21:30:22,360136,Millsdale,M2,RPQ,,0,457650,457650,489177.0,209000,Y,,,BZ,14.73,PSIA,BD,ID3
00-679-2451,Midwestern Gas Transmission Company,08/11/22 22:00:00,08/12/22 22:00:00,08/11/22 21:30:22,368766,Nicor CCB,M2,RPQ,,0,661050,661050,,0,N,Capacity N/A for this element,,BZ,14.73,PSIA,BD,ID3
00-679-2451,Midwestern Gas Transmission Company,08/11/22 22:00:00,08/12/22 22:00:00,08/11/22 21:30:22,456179,Proliance-SA,M2,RPQ,,0,152550,152550,,0,N,Capacity N/A for this element,,BZ,14.73,PSIA,BD,ID3
00-679-2451,Midwestern Gas Transmission Company,08/11/22 22:00:00,08/12/22 22:00:00,08/11/22 21:30:22,471954,Sullivan,M2,RPQ,,0,192585,192585,192585.0,0,Y,,,BZ,14.73,PSIA,BD,ID3
00-679-2451,Midwestern Gas Transmission Company,08/11/22 22:00:00,08/12/22 22:00:00,08/11/22 21:30:22,473936,Constellation NE-SA,M2,RPQ,,0,51943,51943,51075.0,0,Y,,,BZ,14.73,PSIA,BD,ID3
00-679-2451,Midwestern Gas Transmission Company,08/11/22 22:00:00,08/12/22 22:00:00,08/11/22 21:30:22,485401,Walnut Grove,M2,RPQ,,1500,56404,57904,191290.0,1500,Y,,,BZ,14.73,PSIA,BD,ID3
00-679-2451,Midwestern Gas Transmission Company,08/11/22 22:00:00,08/12/22 22:00:00,08/11/22 21:30:22,485405,Boat Dock,M2,RPQ,,0,0,0,0.0,0,Y,,N,BZ,14.73,PSIA,D,ID3
00-679-2451,Midwestern Gas Transmission Company,08/11/22 22:00:00,08/12/22 22:00:00,08/11/22 21:30:22,486324,Robinson,M2,RPQ,,275,9655,9930,9930.0,0,Y,,,BZ,14.73,PSIA,R,ID3
00-679-2451,Midwestern Gas Transmission Company,08/11/22 22:00:00,08/12/22 22:00:00,08/11/22 21:30:22,695518,Paxton,M2,RPQ,,2400,67980,70380,70380.0,0,Y,,,BZ,14.73,PSIA,R,ID3
00-679-2451,Midwestern Gas Transmission Company,08/11/22 22:00:00,08/12/22 22:00:00,08/11/22 21:30:22,696639,Scotland REX,M2,RPQ,,648091,119259,767350,1032060.0,384232,Y,,,BZ,14.73,PSIA,R,ID3
00-679-2451,Midwestern Gas Transmission Company,08/11/22 22:00:00,08/12/22 22:00:00,08/11/22 21:30:22,880036,PEPL Scotland,M2,RPQ,,0,0,0,0.0,0,Y,,N,BZ,14.73,PSIA,D,ID3
00-679-2451,Midwestern Gas Transmission Company,08/11/22 22:00:00,08/12/22 22:00:00,08/11/22 21:30:22,966555,Edwardsport,M2,RPQ,,19476,285244,304720,0.0,0,Y,,,BZ,14.73,PSIA,D,ID3
00-679-2451,Midwestern Gas Transmission Company,08/11/22 22:00:00,08/12/22 22:00:00,08/11/22 21:30:22,1260523,Ameren SA,M2,RPQ,,0,0,0,1582.0,0,Y,,N,BZ,14.73,PSIA,BD,ID3
00-679-2451,Midwestern Gas Transmission Company,08/11/22 22:00:00,08/12/22 22:00:00,08/11/22 21:30:22,1401085,East Portland,M2,RPQ,,0,5000,5000,5000.0,0,Y,,,BZ,14.73,PSIA,BD,ID3
03-175-2897,"Guardian Pipeline, L.L.C.",08/11/22 22:00:00,08/12/22 09:00:00,08/11/22 21:30:19,81,Flow Past Joliet Station,7S,SGQ,,130237,1184587,1314824,1367824.0,1297119,Y,,,BZ,14.73,PSIA,TD1,ID3
03-175-2897,"Guardian Pipeline, L.L.C.",08/11/22 22:00:00,08/12/22 09:00:00,08/11/22 21:30:19,0,Flow Past Sycamore Station,7S,SGQ,,130237,1255375,1385612,1364432.0,1297119,Y,,,BZ,14.73,PSIA,TD1,ID3
03-175-2897,"Guardian Pipeline, L.L.C.",08/11/22 22:00:00,08/12/22 09:00:00,08/11/22 21:30:19,101,Flow Past Bluff Creek Station,7S,SGQ,,129359,1177626,1306985,1310753.0,1244943,Y,,,BZ,14.73,PSIA,TD1,ID3
03-175-2897,"Guardian Pipeline, L.L.C.",08/11/22 22:00:00,08/12/22 09:00:00,08/11/22 21:30:19,121,Flow Past Ixonia,7S,SGQ,,61950,449858,511808,511808.0,422486,Y,,,BZ,14.73,PSIA,TD1,ID3
03-175-2897,"Guardian Pipeline, L.L.C.",08/11/22 22:00:00,08/12/22 09:00:00,08/11/22 21:30:19,120,Flow Past Fox Valley,7S,SGQ,,49724,228896,278620,278620.0,209705,Y,,,BZ,14.73,PSIA,TD1,ID3
03-175-2897,"Guardian Pipeline, L.L.C.",08/11/22 22:00:00,08/12/22 22:00:00,08/11/22 21:30:19,338687,Joliet ANR,MQ,DPQ,,0,0,0,1540413.0,0,Y,,N,BZ,14.73,PSIA,BD,ID3
03-175-2897,"Guardian Pipeline, L.L.C.",08/11/22 22:00:00,08/12/22 22:00:00,08/11/22 21:30:19,352446,Joliet Alliance,MQ,DPQ,,54403,0,0,0.0,0,Y,,Y,BZ,14.73,PSIA,R,ID3
03-175-2897,"Guardian Pipeline, L.L.C.",08/11/22 22:00:00,08/12/22 22:00:00,08/11/22 21:30:19,359485,Joliet MGT,MQ,DPQ,,0,695360,695360,678304.0,0,Y,,,BZ,14.73,PSIA,BD,ID3
03-175-2897,"Guardian Pipeline, L.L.C.",08/11/22 22:00:00,08/12/22 22:00:00,08/11/22 21:30:19,359487,Joliet NBPL,MQ,DPQ,,0,0,0,0.0,0,Y,,N,BZ,14.73,PSIA,R,ID3
03-175-2897,"Guardian Pipeline, L.L.C.",08/11/22 22:00:00,08/12/22 22:00:00,08/11/22 21:30:19,359488,Rockvale,MQ,DPQ,,4413,412167,416580,405183.0,58561,Y,,,BZ,14.73,PSIA,D,ID3
03-175-2897,"Guardian Pipeline, L.L.C.",08/11/22 22:00:00,08/12/22 22:00:00,08/11/22 21:30:19,359489,Joliet NGPL,MQ,DPQ,,0,0,0,0.0,0,Y,,N,BZ,14.73,PSIA,R,ID3
03-175-2897,"Guardian Pipeline, L.L.C.",08/11/22 22:00:00,08/12/22 22:00:00,08/11/22 21:30:19,359490,Bluff Creek WG,MQ,DPQ,,20996,568364,589360,572680.0,337415,Y,,,BZ,14.73,PSIA,D,ID3
03-175-2897,"Guardian Pipeline, L.L.C.",08/11/22 22:00:00,08/12/22 22:00:00,08/11/22 21:30:19,359491,Bluff Creek NNG,MQ,DPQ,,0,0,0,363590.0,0,Y,,N,BZ,14.73,PSIA,BD,ID3
03-175-2897,"Guardian Pipeline, L.L.C.",08/11/22 22:00:00,08/12/22 22:00:00,08/11/22 21:30:19,359493,Walworth,MQ,DPQ,,1828,95692,97520,94760.0,52176,Y,,,BZ,14.73,PSIA,D,ID3
03-175-2897,"Guardian Pipeline, L.L.C.",08/11/22 22:00:00,08/12/22 22:00:00,08/11/22 21:30:19,359508,Joliet Peoples,MQ,DPQ,,0,196100,196100,189625.0,0,Y,,,BZ,14.73,PSIA,BD,ID3
03-175-2897,"Guardian Pipeline, L.L.C.",08/11/22 22:00:00,08/12/22 22:00:00,08/11/22 21:30:19,379832,Ixonia,MQ,DPQ,,42000,1136720,1178720,1145360.0,426481,Y,,,BZ,14.73,PSIA,D,ID3
03-175-2897,"Guardian Pipeline, L.L.C.",08/11/22 22:00:00,08/12/22 22:00:00,08/11/22 21:30:19,394756,Joliet Vector,MQ,DPQ,,301382,704558,1005940,976521.0,0,Y,,,BZ,14.73,PSIA,BD,ID3
03-175-2897,"Guardian Pipeline, L.L.C.",08/11/22 22:00:00,08/12/22 22:00:00,08/11/22 21:30:19,778098,Rubicon,MQ,DPQ,,0,48937,48937,190550.0,40782,Y,,,BZ,14.73,PSIA,D,ID3
03-175-2897,"Guardian Pipeline, L.L.C.",08/11/22 22:00:00,08/12/22 22:00:00,08/11/22 21:30:19,778102,Fox Valley,MQ,DPQ,,4526,124544,129070,427450.0,107559,Y,,,BZ,14.73,PSIA,D,ID3
03-175-2897,"Guardian Pipeline, L.L.C.",08/11/22 22:00:00,08/12/22 22:00:00,08/11/22 21:30:19,778106,Chilton,MQ,DPQ,,2800,3001,5801,27810.0,4835,Y,,,BZ,14.73,PSIA,D,ID3
03-175-2897,"Guardian Pipeline, L.L.C.",08/11/22 22:00:00,08/12/22 22:00:00,08/11/22 21:30:19,778110,Denmark,MQ,DPQ,,4000,46880,50880,110210.0,38400,Y,,,BZ,14.73,PSIA,D,ID3
03-175-2897,"Guardian Pipeline, L.L.C.",08/11/22 22:00:00,08/12/22 22:00:00,08/11/22 21:30:19,778114,SW Greenbay,MQ,DPQ,,724,71012,71736,110210.0,59780,Y,,,BZ,14.73,PSIA,D,ID3
03-175-2897,"Guardian Pipeline, L.L.C.",08/11/22 22:00:00,08/12/22 22:00:00,08/11/22 21:30:19,778118,West Greenbay,MQ,DPQ,,24500,91394,115894,190550.0,83925,Y,,,BZ,14.73,PSIA,D,ID3
03-175-2897,"Guardian Pipeline, L.L.C.",08/11/22 22:00:00,08/12/22 22:00:00,08/11/22 21:30:19,778122,Sheboygan,MQ,DPQ,,2700,40025,42725,190550.0,35605,Y,,,BZ,14.73,PSIA,D,ID3
03-175-2897,"Guardian Pipeline, L.L.C.",08/11/22 22:00:00,08/12/22 22:00:00,08/11/22 21:30:19,854538,DO NOT USE -Alliance-ANR,MQ,DPQ,,0,0,0,0.0,0,Y,,N,BZ,14.73,PSIA,R,ID3
03-175-2897,"Guardian Pipeline, L.L.C.",08/11/22 22:00:00,08/12/22 22:00:00,08/11/22 21:30:19,880001,VAPP,MQ,DPQ,,0,0,0,100.0,0,Y,,N,BZ,14.73,PSIA,D,ID3
03-175-2897,"Guardian Pipeline, L.L.C.",08/11/22 22:00:00,08/12/22 22:00:00,08/11/22 21:30:19,880022,Kaukauna,MQ,DPQ,,20000,178220,198220,187000.0,25600,Y,,,BZ,14.73,PSIA,D,ID3
03-175-2897,"Guardian Pipeline, L.L.C.",08/11/22 22:00:00,08/12/22 22:00:00,08/11/22 21:30:19,880033,Eden,MQ,DPQ,,1800,3700,5500,5000.0,0,Y,,,BZ,14.73,PSIA,D,ID3
03-175-2897,"Guardian Pipeline, L.L.C.",08/11/22 22:00:00,08/12/22 22:00:00,08/11/22 21:30:19,880039,Mayville,MQ,DPQ,,3400,26600,30000,30000.0,24000,Y,,,BZ,14.73,PSIA,D,ID3
03-175-2897,"Guardian Pipeline, L.L.C.",08/11/22 22:00:00,08/12/22 22:00:00,08/11/22 21:30:19,880042,Kaukauna #2,MQ,DPQ,,500,186500,187000,187000.0,2000,Y,,,BZ,14.73,PSIA,D,ID3
03-175-2897,"Guardian Pipeline, L.L.C.",08/11/22 22:00:00,08/12/22 22:00:00,08/11/22 21:30:19,880045,Air Liquide - Glacier Ridge,MQ,DPQ,,0,0,0,0.0,0,Y,,N,BZ,14.73,PSIA,R,ID3
03-175-2897,"Guardian Pipeline, L.L.C.",08/11/22 22:00:00,08/12/22 22:00:00,08/11/22 21:30:19,880048,Holsum Dairy,MQ,DPQ,,0,0,0,0.0,0,Y,,N,BZ,14.73,PSIA,R,ID3
03-175-2897,"Guardian Pipeline, L.L.C.",08/11/22 22:00:00,08/12/22 22:00:00,08/11/22 21:30:19,880051,Mallard Ridge,MQ,DPQ,,0,0,0,0.0,0,Y,,N,BZ,14.73,PSIA,R,ID3
03-175-2897,"Guardian Pipeline, L.L.C.",08/11/22 22:00:00,08/12/22 22:00:00,08/11/22 21:30:19,1229697,Bluewater Hub,MQ,DPQ,,0,200000,200000,200000.0,0,Y,,,BZ,14.73,PSIA,BD,ID3
03-175-2897,"Guardian Pipeline, L.L.C.",08/11/22 22:00:00,08/12/22 22:00:00,08/11/22 21:30:19,338687,Joliet ANR,M2,RPQ,,0,1586820,1586820,1540413.0,178266,Y,,,BZ,14.73,PSIA,BD,ID3
03-175-2897,"Guardian Pipeline, L.L.C.",08/11/22 22:00:00,08/12/22 22:00:00,08/11/22 21:30:19,352446,Joliet Alliance,M2,RPQ,,103900,1286820,1390720,1350048.0,202462,Y,,,BZ,14.73,PSIA,R,ID3
03-175-2897,"Guardian Pipeline, L.L.C.",08/11/22 22:00:00,08/12/22 22:00:00,08/11/22 21:30:19,359485,Joliet MGT,M2,RPQ,,382122,313238,695360,678304.0,126631,Y,,,BZ,14.73,PSIA,BD,ID3
03-175-2897,"Guardian Pipeline, L.L.C.",08/11/22 22:00:00,08/12/22 22:00:00,08/11/22 21:30:19,359487,Joliet NBPL,M2,RPQ,,0,928560,928560,905784.0,17100,Y,,,BZ,14.73,PSIA,R,ID3
03-175-2897,"Guardian Pipeline, L.L.C.",08/11/22 22:00:00,08/12/22 22:00:00,08/11/22 21:30:19,359488,Rockvale,M2,RPQ,,0,0,0,0.0,0,Y,,N,BZ,14.73,PSIA,D,ID3
03-175-2897,"Guardian Pipeline, L.L.C.",08/11/22 22:00:00,08/12/22 22:00:00,08/11/22 21:30:19,359489,Joliet NGPL,M2,RPQ,,0,0,0,673712.0,0,Y,,N,BZ,14.73,PSIA,R,ID3
03-175-2897,"Guardian Pipeline, L.L.C.",08/11/22 22:00:00,08/12/22 22:00:00,08/11/22 21:30:19,359490,Bluff Creek WG,M2,RPQ,,0,0,0,0.0,0,Y,,N,BZ,14.73,PSIA,D,ID3
03-175-2897,"Guardian Pipeline, L.L.C.",08/11/22 22:00:00,08/12/22 22:00:00,08/11/22 21:30:19,359491,Bluff Creek NNG,M2,RPQ,,0,374180,374180,363590.0,0,Y,,,BZ,14.73,PSIA,BD,ID3
03-175-2897,"Guardian Pipeline, L.L.C.",08/11/22 22:00:00,08/12/22 22:00:00,08/11/22 21:30:19,359493,Walworth,M2,RPQ,,0,0,0,0.0,0,Y,,N,BZ,14.73,PSIA,D,ID3
03-175-2897,"Guardian Pipeline, L.L.C.",08/11/22 22:00:00,08/12/22 22:00:00,08/11/22 21:30:19,359508,Joliet Peoples,M2,RPQ,,0,0,0,189625.0,0,Y,,N,BZ,14.73,PSIA,BD,ID3
03-175-2897,"Guardian Pipeline, L.L.C.",08/11/22 22:00:00,08/12/22 22:00:00,08/11/22 21:30:19,379832,Ixonia,M2,RPQ,,0,0,0,0.0,0,Y,,N,BZ,14.73,PSIA,D,ID3
03-175-2897,"Guardian Pipeline, L.L.C.",08/11/22 22:00:00,08/12/22 22:00:00,08/11/22 21:30:19,394756,Joliet Vector,M2,RPQ,,0,1005940,1005940,976521.0,772660,Y,,,BZ,14.73,PSIA,BD,ID3
03-175-2897,"Guardian Pipeline, L.L.C.",08/11/22 22:00:00,08/12/22 22:00:00,08/11/22 21:30:19,778098,Rubicon,M2,RPQ,,0,0,0,0.0,0,Y,,N,BZ,14.73,PSIA,D,ID3
03-175-2897,"Guardian Pipeline, L.L.C.",08/11/22 22:00:00,08/12/22 22:00:00,08/11/22 21:30:19,778102,Fox Valley,M2,RPQ,,0,0,0,0.0,0,Y,,N,BZ,14.73,PSIA,D,ID3
03-175-2897,"Guardian Pipeline, L.L.C.",08/11/22 22:00:00,08/12/22 22:00:00,08/11/22 21:30:19,778106,Chilton,M2,RPQ,,0,0,0,0.0,0,Y,,N,BZ,14.73,PSIA,D,ID3
03-175-2897,"Guardian Pipeline, L.L.C.",08/11/22 22:00:00,08/12/22 22:00:00,08/11/22 21:30:19,778110,Denmark,M2,RPQ,,0,0,0,0.0,0,Y,,N,BZ,14.73,PSIA,D,ID3
03-175-2897,"Guardian Pipeline, L.L.C.",08/11/22 22:00:00,08/12/22 22:00:00,08/11/22 21:30:19,778114,SW Greenbay,M2,RPQ,,0,0,0,0.0,0,Y,,N,BZ,14.73,PSIA,D,ID3
03-175-2897,"Guardian Pipeline, L.L.C.",08/11/22 22:00:00,08/12/22 22:00:00,08/11/22 21:30:19,778118,West Greenbay,M2,RPQ,,0,0,0,0.0,0,Y,,N,BZ,14.73,PSIA,D,ID3
03-175-2897,"Guardian Pipeline, L.L.C.",08/11/22 22:00:00,08/12/22 22:00:00,08/11/22 21:30:19,778122,Sheboygan,M2,RPQ,,0,0,0,0.0,0,Y,,N,BZ,14.73,PSIA,D,ID3
03-175-2897,"Guardian Pipeline, L.L.C.",08/11/22 22:00:00,08/12/22 22:00:00,08/11/22 21:30:19,854538,DO NOT USE -.Alliance-ANR,M2,RPQ,,0,20280,20280,650000.0,0,Y,,,BZ,14.73,PSIA,R,ID3
03-175-2897,"Guardian Pipeline, L.L.C.",08/11/22 22:00:00,08/12/22 22:00:00,08/11/22 21:30:19,880001,VAPP,M2,RPQ,,0,0,0,0.0,0,Y,,N,BZ,14.73,PSIA,D,ID3
03-175-2897,"Guardian Pipeline, L.L.C.",08/11/22 22:00:00,08/12/22 22:00:00,08/11/22 21:30:19,880022,Kaukauna,M2,RPQ,,0,15900,15900,0.0,0,Y,,,BZ,14.73,PSIA,D,ID3
03-175-2897,"Guardian Pipeline, L.L.C.",08/11/22 22:00:00,08/12/22 22:00:00,08/11/22 21:30:19,880033,Eden,M2,RPQ,,0,0,0,0.0,0,Y,,N,BZ,14.73,PSIA,D,ID3
03-175-2897,"Guardian Pipeline, L.L.C.",08/11/22 22:00:00,08/12/22 22:00:00,08/11/22 21:30:19,880039,Mayville,M2,RPQ,,0,0,0,0.0,0,Y,,N,BZ,14.73,PSIA,D,ID3
03-175-2897,"Guardian Pipeline, L.L.C.",08/11/22 22:00:00,08/12/22 22:00:00,08/11/22 21:30:19,880042,Kaukauna #2,M2,RPQ,,0,0,0,0.0,0,Y,,N,BZ,14.73,PSIA,D,ID3
03-175-2897,"Guardian Pipeline, L.L.C.",08/11/22 22:00:00,08/12/22 22:00:00,08/11/22 21:30:19,880045,Air Liquide - Glacier Ridge,M2,RPQ,,1500,2210,3710,3500.0,0,Y,,,BZ,14.73,PSIA,R,ID3
03-175-2897,"Guardian Pipeline, L.L.C.",08/11/22 22:00:00,08/12/22 22:00:00,08/11/22 21:30:19,880048,Holsum Dairy,M2,RPQ,,1500,1500,3000,3000.0,0,Y,,,BZ,14.73,PSIA,R,ID3
03-175-2897,"Guardian Pipeline, L.L.C.",08/11/22 22:00:00,08/12/22 22:00:00,08/11/22 21:30:19,880051,Mallard Ridge,M2,RPQ,,950,1650,2600,2600.0,0,Y,,,BZ,14.73,PSIA,R,ID3
03-175-2897,"Guardian Pipeline, L.L.C.",08/11/22 22:00:00,08/12/22 22:00:00,08/11/22 21:30:19,1229697,Bluewater Hub,M2,RPQ,,0,200000,200000,200000.0,0,Y,,,BZ,14.73,PSIA,BD,ID3
